上市有價證券種類,有價證券代號代碼,有價證券代號名稱,國際證券辨識號碼(ISIN Code),上市日,市場別,產業別,CFICode,備註
股票,1101,台泥,TW0001101004,1962/02/09,上市,水泥工業,ESVUFR,
股票,1102,亞泥,TW0001102002,1962/06/08,上市,水泥工業,ESVUFR,
股票,1103,嘉泥,TW0001103000,1969/11/14,上市,水泥工業,ESVUFR,
股票,1104,環泥,TW0001104008,1971/02/01,上市,水泥工業,ESVUFR,
股票,1108,幸福,TW0001108009,1990/06/06,上市,水泥工業,ESVUFR,
股票,1109,信大,TW0001109007,1991/12/05,上市,水泥工業,ESVUFR,
股票,1110,東泥,TW0001110005,1994/10/22,上市,水泥工業,ESVUFR,
股票,1201,味全,TW0001201002,1962/02/09,上市,食品工業,ESVUFR,
股票,1203,味王,TW0001203008,1964/08/24,上市,食品工業,ESVUFR,
股票,1210,大成,TW0001210003,1978/05/20,上市,食品工業,ESVUFR,
股票,1213,大飲,TW0001213007,1981/04/10,上市,食品工業,ESVUFR,
股票,1215,卜蜂,TW0001215002,1987/07/27,上市,食品工業,ESVUFR,
股票,1216,統一,TW0001216000,1987/12/28,上市,食品工業,ESVUFR,
股票,1217,愛之味,TW0001217008,1989/10/28,上市,食品工業,ESVUFR,
股票,1218,泰山,TW0001218006,1989/11/11,上市,食品工業,ESVUFR,
股票,1219,福壽,TW0001219004,1990/12/01,上市,食品工業,ESVUFR,
股票,1220,台榮,TW0001220002,1991/11/20,上市,食品工業,ESVUFR,
股票,1225,福懋油,TW0001225001,1993/09/27,上市,食品工業,ESVUFR,
股票,1227,佳格,TW0001227007,1994/04/09,上市,食品工業,ESVUFR,
股票,1229,聯華,TW0001229003,1976/07/19,上市,食品工業,ESVUFR,
股票,1231,聯華食,TW0001231009,1995/11/02,上市,食品工業,ESVUFR,
股票,1232,大統益,TW0001232007,1996/02/09,上市,食品工業,ESVUFR,
股票,1233,天仁,TW0001233005,1999/01/20,上市,食品工業,ESVUFR,
股票,1234,黑松,TW0001234003,1999/03/12,上市,食品工業,ESVUFR,
股票,1235,興泰,TW0001235000,2000/09/11,上市,食品工業,ESVUFR,
股票,1236,宏亞,TW0001236008,2001/09/17,上市,食品工業,ESVUFR,
股票,1256,鮮活果汁-KY,KYG858681003,2016/03/17,上市,食品工業,ESVUFR,
股票,1301,台塑,TW0001301000,1964/07/27,上市,塑膠工業,ESVUFR,
股票,1303,南亞,TW0001303006,1967/11/05,上市,塑膠工業,ESVUFR,
股票,1304,台聚,TW0001304004,1972/05/20,上市,塑膠工業,ESVUFR,
股票,1305,華夏,TW0001305001,1973/03/05,上市,塑膠工業,ESVUFR,
股票,1307,三芳,TW0001307007,1985/11/23,上市,塑膠工業,ESVUFR,
股票,1308,亞聚,TW0001308005,1986/06/20,上市,塑膠工業,ESVUFR,
股票,1309,台達化,TW0001309003,1986/06/27,上市,塑膠工業,ESVUFR,
股票,1310,台苯,TW0001310001,1987/08/06,上市,塑膠工業,ESVUFR,
股票,1312,國喬,TW0001312007,1988/12/21,上市,塑膠工業,ESVUFR,
股票,1313,聯成,TW0001313005,1989/03/27,上市,塑膠工業,ESVUFR,
股票,1314,中石化,TW0001314003,1991/07/12,上市,塑膠工業,ESVUFR,
股票,1315,達新,TW0001315000,1992/05/09,上市,塑膠工業,ESVUFR,
股票,1316,上曜,TW0001316008,1992/10/15,上市,建材營造業,ESVUFR,
股票,1319,東陽,TW0001319002,1994/12/12,上市,汽車工業,ESVUFR,
股票,1321,大洋,TW0001321008,1999/01/26,上市,塑膠工業,ESVUFR,
股票,1323,永裕,TW0001323004,2000/09/11,上市,塑膠工業,ESVUFR,
股票,1324,地球,TW0001324002,2000/09/11,上市,塑膠工業,ESVUFR,
股票,1325,恆大,TW0001325009,2000/09/11,上市,塑膠工業,ESVUFR,
股票,1326,台化,TW0001326007,1984/12/20,上市,塑膠工業,ESVUFR,
股票,1337,再生-KY,KYG0539R1039,2011/07/01,上市,塑膠工業,ESVUFR,
股票,1338,廣華-KY,KYG451001070,2012/12/19,上市,汽車工業,ESVUFR,
股票,1339,昭輝,TW0001339000,2012/04/24,上市,汽車工業,ESVUFR,
股票,1340,勝悅-KY,KYG935971054,2013/12/06,上市,塑膠工業,ESVUFR,
股票,1341,富林-KY,KYG3730M1050,2018/12/24,上市,塑膠工業,ESVUFR,
股票,1342,八貫,TW0001342004,2020/11/24,上市,其他業,ESVUFR,
股票,1402,遠東新,TW0001402006,1967/04/14,上市,紡織纖維,ESVUFR,
股票,1409,新纖,TW0001409001,1973/08/31,上市,紡織纖維,ESVUFR,
股票,1410,南染,TW0001410009,1973/10/18,上市,紡織纖維,ESVUFR,
股票,1413,宏洲,TW0001413003,1975/12/23,上市,紡織纖維,ESVUFR,
股票,1414,東和,TW0001414001,1976/02/02,上市,紡織纖維,ESVUFR,
股票,1416,廣豐,TW0001416006,1976/04/20,上市,其他業,ESVUFR,
股票,1417,嘉裕,TW0001417004,1976/12/28,上市,紡織纖維,ESVUFR,
股票,1418,東華,TW0001418002,1977/02/14,上市,紡織纖維,ESVUFR,
股票,1419,新紡,TW0001419000,1977/03/14,上市,紡織纖維,ESVUFR,
股票,1423,利華,TW0001423002,1979/04/02,上市,紡織纖維,ESVUFR,
股票,1432,大魯閣,TW0001432003,1982/07/26,上市,運動休閒,ESVUFR,
股票,1434,福懋,TW0001434009,1985/12/24,上市,紡織纖維,ESVUFR,
股票,1435,中福,TW0001435006,1987/12/28,上市,其他業,ESVUFR,
股票,1436,華友聯,TW0001436004,1988/04/11,上市,建材營造業,ESVUFR,
股票,1437,勤益控,TW0001437002,1988/11/10,上市,其他業,ESVUFR,
股票,1438,三地開發,TW0001438000,1988/12/15,上市,建材營造業,ESVUFR,
股票,1439,雋揚,TW0001439008,1989/05/22,上市,建材營造業,ESVUFR,
股票,1440,南紡,TW0001440006,1989/10/03,上市,紡織纖維,ESVUFR,
股票,1441,大東,TW0001441004,1989/10/27,上市,紡織纖維,ESVUFR,
股票,1442,名軒,TW0001442002,1989/11/16,上市,建材營造業,ESVUFR,
股票,1443,立益物流,TW0001443000,1990/04/21,上市,其他業,ESVUFR,
股票,1444,力麗,TW0001444008,1990/08/08,上市,紡織纖維,ESVUFR,
股票,1445,大宇,TW0001445005,1991/02/05,上市,紡織纖維,ESVUFR,
股票,1446,宏和,TW0001446003,1991/10/15,上市,紡織纖維,ESVUFR,
股票,1447,力鵬,TW0001447001,1992/01/28,上市,紡織纖維,ESVUFR,
股票,1449,佳和,TW0001449007,1992/03/12,上市,紡織纖維,ESVUFR,
股票,1451,年興,TW0001451003,1992/12/21,上市,紡織纖維,ESVUFR,
股票,1452,宏益,TW0001452001,1992/12/28,上市,紡織纖維,ESVUFR,
股票,1453,大將,TW0001453009,1993/04/19,上市,建材營造業,ESVUFR,
股票,1454,台富,TW0001454007,1993/05/07,上市,紡織纖維,ESVUFR,
股票,1455,集盛,TW0001455004,1993/10/07,上市,紡織纖維,ESVUFR,
股票,1456,怡華,TW0001456002,1993/12/09,上市,建材營造業,ESVUFR,
股票,1457,宜進,TW0001457000,1994/10/20,上市,紡織纖維,ESVUFR,
股票,1459,聯發,TW0001459006,1994/10/26,上市,紡織纖維,ESVUFR,
股票,1460,宏遠,TW0001460004,1995/04/28,上市,紡織纖維,ESVUFR,
股票,1463,強盛新,TW0001463008,1996/12/05,上市,紡織纖維,ESVUFR,
股票,1464,得力,TW0001464006,1997/01/18,上市,紡織纖維,ESVUFR,
股票,1465,偉全,TW0001465003,1997/09/08,上市,紡織纖維,ESVUFR,
股票,1466,聚隆,TW0001466001,1998/04/04,上市,紡織纖維,ESVUFR,
股票,1467,南緯,TW0001467009,1998/12/21,上市,紡織纖維,ESVUFR,
股票,1468,昶和,TW0001468007,1999/01/21,上市,紡織纖維,ESVUFR,
股票,1470,大統新創,TW0001470003,1999/05/21,上市,紡織纖維,ESVUFR,
股票,1471,首利,TW0001471001,2000/03/06,上市,電子零組件業,ESVUFR,
股票,1472,三洋實業,TW0001472009,2000/09/11,上市,建材營造業,ESVUFR,
股票,1473,台南,TW0001473007,2000/09/11,上市,紡織纖維,ESVUFR,
股票,1474,弘裕,TW0001474005,2000/10/31,上市,紡織纖維,ESVUFR,
股票,1475,業旺,TW0001475002,2000/10/27,上市,紡織纖維,ESVUFR,
股票,1476,儒鴻,TW0001476000,2001/04/18,上市,紡織纖維,ESVUFR,
股票,1477,聚陽,TW0001477008,2003/01/21,上市,紡織纖維,ESVUFR,
股票,1503,士電,TW0001503001,1969/12/15,上市,電機機械,ESVUFR,
股票,1504,東元,TW0001504009,1973/11/05,上市,電機機械,ESVUFR,
股票,1506,正道,TW0001506004,1980/08/11,上市,電機機械,ESVUFR,
股票,1512,瑞利,TW0001512002,1994/01/28,上市,汽車工業,ESVUFR,
股票,1513,中興電,TW0001513000,1994/03/08,上市,電機機械,ESVUFR,
股票,1514,亞力,TW0001514008,1994/03/26,上市,電機機械,ESVUFR,
股票,1515,力山,TW0001515005,1995/02/04,上市,電機機械,ESVUFR,
股票,1516,川飛,TW0001516003,1995/04/01,上市,其他業,ESVUFR,
股票,1517,利奇,TW0001517001,1995/11/14,上市,電機機械,ESVUFR,
股票,1519,華城,TW0001519007,1997/04/16,上市,電機機械,ESVUFR,
股票,1521,大億,TW0001521003,1997/10/06,上市,汽車工業,ESVUFR,
股票,1522,堤維西,TW0001522001,1997/10/06,上市,汽車工業,ESVUFR,
股票,1524,耿鼎,TW0001524007,1998/10/30,上市,汽車工業,ESVUFR,
股票,1525,江申,TW0001525004,1999/05/15,上市,汽車工業,ESVUFR,
股票,1526,日馳,TW0001526002,2000/03/27,上市,電機機械,ESVUFR,
股票,1527,鑽全,TW0001527000,2000/06/21,上市,電機機械,ESVUFR,
股票,1528,恩德,TW0001528008,2000/09/11,上市,電機機械,ESVUFR,
股票,1529,樂事綠能,TW0001529006,2000/09/11,上市,電機機械,ESVUFR,
股票,1530,亞崴,TW0001530004,2000/09/11,上市,電機機械,ESVUFR,
股票,1531,高林股,TW0001531002,2000/09/11,上市,電機機械,ESVUFR,
股票,1532,勤美,TW0001532000,2000/09/11,上市,電機機械,ESVUFR,
股票,1533,車王電,TW0001533008,2001/04/06,上市,汽車工業,ESVUFR,
股票,1535,中宇,TW0001535003,2001/09/17,上市,電機機械,ESVUFR,
股票,1536,和大,TW0001536001,2001/09/17,上市,汽車工業,ESVUFR,
股票,1537,廣隆,TW0001537009,2002/01/22,上市,電機機械,ESVUFR,
股票,1538,正峰,TW0001538007,2002/08/26,上市,電機機械,ESVUFR,
股票,1539,巨庭,TW0001539005,2002/10/29,上市,電機機械,ESVUFR,
股票,1540,喬福,TW0001540003,2002/08/26,上市,電機機械,ESVUFR,
股票,1541,錩泰,TW0001541001,2003/03/19,上市,電機機械,ESVUFR,
股票,1558,伸興,TW0001558005,2014/12/23,上市,電機機械,ESVUFR,
股票,1560,中砂,TW0001560001,2005/01/31,上市,電機機械,ESVUFR,
股票,1563,巧新,TW0001563005,2024/05/13,上市,汽車工業,ESVUFR,
股票,1568,倉佑,TW0001568004,2014/05/14,上市,汽車工業,ESVUFR,
股票,1582,信錦,TW0001582005,2009/12/17,上市,電子零組件業,ESVUFR,
股票,1583,程泰,TW0001583003,2008/01/24,上市,電機機械,ESVUFR,
股票,1587,吉茂,TW0001587004,2018/04/16,上市,汽車工業,ESVUFR,
股票,1589,永冠-KY,KYG984291065,2012/04/27,上市,電機機械,ESVUFR,
股票,1590,亞德客-KY,KYG014081064,2010/12/13,上市,電機機械,ESVUFR,
股票,1597,直得,TW0001597003,2020/12/23,上市,電機機械,ESVUFR,
股票,1598,岱宇,TW0001598001,2016/09/20,上市,運動休閒,ESVUFR,
股票,1603,華電,TW0001603009,1968/06/03,上市,電器電纜,ESVUFR,
股票,1604,聲寶,TW0001604007,1970/12/14,上市,電器電纜,ESVUFR,
股票,1605,華新,TW0001605004,1972/11/03,上市,電器電纜,ESVUFR,
股票,1608,華榮,TW0001608008,1988/07/11,上市,電器電纜,ESVUFR,
股票,1609,大亞,TW0001609006,1988/12/12,上市,電器電纜,ESVUFR,
股票,1611,中電,TW0001611002,1990/01/16,上市,電器電纜,ESVUFR,
股票,1612,宏泰,TW0001612000,1993/05/08,上市,電器電纜,ESVUFR,
股票,1614,三洋電,TW0001614006,1997/09/18,上市,電器電纜,ESVUFR,
股票,1615,大山,TW0001615003,2000/03/30,上市,電器電纜,ESVUFR,
股票,1616,億泰,TW0001616001,2000/09/11,上市,電器電纜,ESVUFR,
股票,1617,榮星,TW0001617009,2000/09/11,上市,電器電纜,ESVUFR,
股票,1618,合機,TW0001618007,2000/09/11,上市,電器電纜,ESVUFR,
股票,1626,艾美特-KY,KYG0135T1076,2013/03/21,上市,電器電纜,ESVUFR,
股票,1702,南僑,TW0001702009,1973/05/30,上市,食品工業,ESVUFR,
股票,1707,葡萄王,TW0001707008,1982/12/20,上市,生技醫療業,ESVUFR,
股票,1708,東鹼,TW0001708006,1986/06/16,上市,化學工業,ESVUFR,
股票,1709,和益,TW0001709004,1986/07/03,上市,化學工業,ESVUFR,
股票,1710,東聯,TW0001710002,1987/10/21,上市,化學工業,ESVUFR,
股票,1711,永光,TW0001711000,1988/12/27,上市,化學工業,ESVUFR,
股票,1712,興農,TW0001712008,1989/12/14,上市,化學工業,ESVUFR,
股票,1713,國化,TW0001713006,1990/01/31,上市,化學工業,ESVUFR,
股票,1714,和桐,TW0001714004,1991/08/30,上市,化學工業,ESVUFR,
股票,1717,長興,TW0001717007,1994/03/31,上市,化學工業,ESVUFR,
股票,1718,中纖,TW0001718005,1963/12/02,上市,化學工業,ESVUFR,
股票,1720,生達,TW0001720001,1995/12/12,上市,生技醫療業,ESVUFR,
股票,1721,三晃,TW0001721009,1996/05/16,上市,化學工業,ESVUFR,
股票,1722,台肥,TW0001722007,1998/03/24,上市,化學工業,ESVUFR,
股票,1723,中碳,TW0001723005,1998/11/27,上市,化學工業,ESVUFR,
股票,1725,元禎,TW0001725000,2000/09/11,上市,化學工業,ESVUFR,
股票,1726,永記,TW0001726008,2000/09/11,上市,化學工業,ESVUFR,
股票,1727,中華化,TW0001727006,2000/09/11,上市,化學工業,ESVUFR,
股票,1730,花仙子,TW0001730000,2001/09/17,上市,化學工業,ESVUFR,
股票,1731,美吾華,TW0001731008,2001/09/17,上市,生技醫療業,ESVUFR,
股票,1732,毛寶,TW0001732006,2001/09/17,上市,化學工業,ESVUFR,
股票,1733,五鼎,TW0001733004,2001/09/17,上市,生技醫療業,ESVUFR,
股票,1734,杏輝,TW0001734002,2002/08/26,上市,生技醫療業,ESVUFR,
股票,1735,日勝化,TW0001735009,2002/08/26,上市,化學工業,ESVUFR,
股票,1736,喬山,TW0001736007,2003/01/09,上市,運動休閒,ESVUFR,
股票,1737,臺鹽,TW0001737005,2003/11/18,上市,食品工業,ESVUFR,
股票,1752,南光,TW0001752004,2022/01/19,上市,生技醫療業,ESVUFR,
股票,1760,寶齡富錦,TW0001760007,2018/01/23,上市,生技醫療業,ESVUFR,
股票,1762,中化生,TW0001762003,2010/12/20,上市,生技醫療業,ESVUFR,
股票,1773,勝一,TW0001773000,2009/02/27,上市,化學工業,ESVUFR,
股票,1776,展宇,TW0001776003,2016/05/09,上市,化學工業,ESVUFR,
股票,1783,和康生,TW0001783009,2013/12/20,上市,生技醫療業,ESVUFR,
股票,1786,科妍,TW0001786002,2013/11/12,上市,生技醫療業,ESVUFR,
股票,1789,神隆,TW0001789006,2011/09/29,上市,生技醫療業,ESVUFR,
股票,1795,美時,TW0001795003,2019/12/16,上市,生技醫療業,ESVUFR,
股票,1802,台玻,TW0001802007,1973/07/20,上市,玻璃陶瓷,ESVUFR,
股票,1805,寶徠,TW0001805000,1989/10/20,上市,建材營造業,ESVUFR,
股票,1806,冠軍,TW0001806008,1992/09/29,上市,玻璃陶瓷,ESVUFR,
股票,1808,潤隆,TW0001808004,1994/10/26,上市,建材營造業,ESVUFR,
股票,1809,中釉,TW0001809002,1996/04/30,上市,玻璃陶瓷,ESVUFR,
股票,1810,和成,TW0001810000,1991/10/14,上市,玻璃陶瓷,ESVUFR,
股票,1817,凱撒衛,TW0001817005,2013/10/24,上市,玻璃陶瓷,ESVUFR,
股票,1903,士紙,TW0001903003,1963/12/09,上市,造紙工業,ESVUFR,
股票,1904,正隆,TW0001904001,1971/09/10,上市,造紙工業,ESVUFR,
股票,1905,華紙,TW0001905008,1975/02/07,上市,造紙工業,ESVUFR,
股票,1906,寶隆,TW0001906006,1976/04/26,上市,造紙工業,ESVUFR,
股票,1907,永豐餘,TW0001907004,1977/02/22,上市,造紙工業,ESVUFR,
股票,1909,榮成,TW0001909000,1985/11/19,上市,造紙工業,ESVUFR,
股票,2002,中鋼,TW0002002003,1974/12/26,上市,鋼鐵工業,ESVUFR,
股票,2006,東和鋼鐵,TW0002006004,1988/07/13,上市,鋼鐵工業,ESVUFR,
股票,2007,燁興,TW0002007002,1988/10/04,上市,鋼鐵工業,ESVUFR,
股票,2008,高興昌,TW0002008000,1988/12/28,上市,鋼鐵工業,ESVUFR,
股票,2009,第一銅,TW0002009008,1989/10/20,上市,鋼鐵工業,ESVUFR,
股票,2010,春源,TW0002010006,1989/12/22,上市,鋼鐵工業,ESVUFR,
股票,2012,春雨,TW0002012002,1991/10/17,上市,鋼鐵工業,ESVUFR,
股票,2013,中鋼構,TW0002013000,1992/01/21,上市,鋼鐵工業,ESVUFR,
股票,2014,中鴻,TW0002014008,1992/02/20,上市,鋼鐵工業,ESVUFR,
股票,2015,豐興,TW0002015005,1992/05/25,上市,鋼鐵工業,ESVUFR,
股票,2017,官田鋼,TW0002017001,1992/11/02,上市,鋼鐵工業,ESVUFR,
股票,2020,美亞,TW0002020005,1993/04/27,上市,鋼鐵工業,ESVUFR,
股票,2022,聚亨,TW0002022001,1995/03/27,上市,鋼鐵工業,ESVUFR,
股票,2023,燁輝,TW0002023009,1995/07/28,上市,鋼鐵工業,ESVUFR,
股票,2024,志聯,TW0002024007,1995/12/30,上市,鋼鐵工業,ESVUFR,
股票,2025,千興,TW0002025004,1996/02/08,上市,鋼鐵工業,ESVUFR,
股票,2027,大成鋼,TW0002027000,1996/10/24,上市,鋼鐵工業,ESVUFR,
股票,2028,威致,TW0002028008,1996/12/13,上市,鋼鐵工業,ESVUFR,
股票,2029,盛餘,TW0002029006,1997/01/11,上市,鋼鐵工業,ESVUFR,
股票,2030,彰源,TW0002030004,1998/12/24,上市,鋼鐵工業,ESVUFR,
股票,2031,新光鋼,TW0002031002,2000/09/11,上市,鋼鐵工業,ESVUFR,
股票,2032,新鋼,TW0002032000,2000/09/11,上市,鋼鐵工業,ESVUFR,
股票,2033,佳大,TW0002033008,2000/09/11,上市,鋼鐵工業,ESVUFR,
股票,2034,允強,TW0002034006,2001/09/17,上市,鋼鐵工業,ESVUFR,
股票,2038,海光,TW0002038007,2008/12/30,上市,鋼鐵工業,ESVUFR,
股票,2049,上銀,TW0002049004,2009/06/26,上市,電機機械,ESVUFR,
股票,2059,川湖,TW0002059003,2008/06/25,上市,電子零組件業,ESVUFR,
股票,2062,橋椿,TW0002062007,2007/11/16,上市,居家生活,ESVUFR,
股票,2069,運錩,TW0002069002,2016/03/22,上市,鋼鐵工業,ESVUFR,
股票,2101,南港,TW0002101003,1963/11/01,上市,橡膠工業,ESVUFR,
股票,2102,泰豐,TW0002102001,1979/07/16,上市,橡膠工業,ESVUFR,
股票,2103,台橡,TW0002103009,1982/09/25,上市,橡膠工業,ESVUFR,
股票,2104,國際中橡,TW0002104007,1986/07/15,上市,橡膠工業,ESVUFR,
股票,2105,正新,TW0002105004,1987/12/07,上市,橡膠工業,ESVUFR,
股票,2106,建大,TW0002106002,1990/12/20,上市,橡膠工業,ESVUFR,
股票,2107,厚生,TW0002107000,1992/03/03,上市,橡膠工業,ESVUFR,
股票,2108,南帝,TW0002108008,1992/10/27,上市,橡膠工業,ESVUFR,
股票,2109,華豐,TW0002109006,2000/05/08,上市,橡膠工業,ESVUFR,
股票,2114,鑫永銓,TW0002114006,2010/12/29,上市,橡膠工業,ESVUFR,
股票,2115,六暉-KY,KYG5700L1086,2013/12/25,上市,汽車工業,ESVUFR,
股票,2201,裕隆,TW0002201001,1976/07/08,上市,汽車工業,ESVUFR,
股票,2204,中華,TW0002204005,1991/03/12,上市,汽車工業,ESVUFR,
股票,2206,三陽工業,TW0002206000,1996/07/29,上市,汽車工業,ESVUFR,
股票,2207,和泰車,TW0002207008,1997/02/25,上市,汽車工業,ESVUFR,
股票,2208,台船,TW0002208006,2008/12/22,上市,航運業,ESVUFR,
股票,2211,長榮鋼,TW0002211000,2021/04/12,上市,鋼鐵工業,ESVUFR,
股票,2227,裕日車,TW0002227006,2004/12/21,上市,汽車工業,ESVUFR,
股票,2228,劍麟,TW0002228004,2013/11/25,上市,汽車工業,ESVUFR,
股票,2231,為升,TW0002231008,2010/11/19,上市,汽車工業,ESVUFR,
股票,2233,宇隆,TW0002233004,2019/09/17,上市,汽車工業,ESVUFR,
股票,2236,百達-KY,KYG693691092,2015/06/03,上市,汽車工業,ESVUFR,
股票,2239,英利-KY,KYG1991F1081,2016/01/27,上市,汽車工業,ESVUFR,
股票,2241,艾姆勒,TW0002241007,2020/08/26,上市,汽車工業,ESVUFR,
股票,2243,宏旭-KY,KYG460651014,2017/09/27,上市,汽車工業,ESVUFR,
股票,2247,汎德永業,TW0002247004,2020/10/12,上市,汽車工業,ESVUFR,
股票,2248,華勝-KY,KYG8T24R1076,2025/03/13,上市,汽車工業,ESVUFR,
股票,2250,IKKA-KY,KYG4R56R1099,2021/05/31,上市,汽車工業,ESVUFR,
股票,2301,光寶科,TW0002301009,1995/11/17,上市,電腦及週邊設備業,ESVUFR,
股票,2302,麗正,TW0002302007,1985/01/15,上市,半導體業,ESVUFR,
股票,2303,聯電,TW0002303005,1985/07/16,上市,半導體業,ESVUFR,
股票,2305,全友,TW0002305000,1988/10/21,上市,電腦及週邊設備業,ESVUFR,
股票,2308,台達電,TW0002308004,1988/12/19,上市,電子零組件業,ESVUFR,
股票,2312,金寶,TW0002312006,1989/11/07,上市,其他電子業,ESVUFR,
股票,2313,華通,TW0002313004,1990/07/24,上市,電子零組件業,ESVUFR,
股票,2314,台揚,TW0002314002,1990/08/08,上市,通信網路業,ESVUFR,
股票,2316,楠梓電,TW0002316007,1991/02/05,上市,電子零組件業,ESVUFR,
股票,2317,鴻海,TW0002317005,1991/06/18,上市,其他電子業,ESVUFR,
股票,2321,東訊,TW0002321007,1991/11/08,上市,通信網路業,ESVUFR,
股票,2323,中環,TW0002323003,1992/02/17,上市,光電業,ESVUFR,
股票,2324,仁寶,TW0002324001,1992/02/18,上市,電腦及週邊設備業,ESVUFR,
股票,2327,國巨,TW0002327004,1993/10/22,上市,電子零組件業,ESVUFR,
股票,2328,廣宇,TW0002328002,1993/11/09,上市,電子零組件業,ESVUFR,
股票,2329,華泰,TW0002329000,1994/04/20,上市,半導體業,ESVUFR,
股票,2330,台積電,TW0002330008,1994/09/05,上市,半導體業,ESVUFR,
股票,2331,精英,TW0002331006,1994/09/21,上市,電腦及週邊設備業,ESVUFR,
股票,2332,友訊,TW0002332004,1994/10/17,上市,通信網路業,ESVUFR,
股票,2337,旺宏,TW0002337003,1995/03/15,上市,半導體業,ESVUFR,
股票,2338,光罩,TW0002338001,1995/04/17,上市,半導體業,ESVUFR,
股票,2340,台亞,TW0002340007,1995/05/02,上市,半導體業,ESVUFR,
股票,2342,茂矽,TW0002342003,1995/09/19,上市,半導體業,ESVUFR,
股票,2344,華邦電,TW0002344009,1995/10/18,上市,半導體業,ESVUFR,
股票,2345,智邦,TW0002345006,1995/11/15,上市,通信網路業,ESVUFR,
股票,2347,聯強,TW0002347002,1995/12/13,上市,電子通路業,ESVUFR,
股票,2348,海悅,TW0002348000,1996/01/05,上市,其他業,ESVUFR,
股票,2349,錸德,TW0002349008,1996/04/23,上市,光電業,ESVUFR,
股票,2351,順德,TW0002351004,1996/04/25,上市,半導體業,ESVUFR,
股票,2352,佳世達,TW0002352002,1996/07/22,上市,電腦及週邊設備業,ESVUFR,
股票,2353,宏��,TW0002353000,1996/09/18,上市,電腦及週邊設備業,ESVUFR,
股票,2354,鴻準,TW0002354008,1996/10/08,上市,其他電子業,ESVUFR,
股票,2355,敬鵬,TW0002355005,1996/10/14,上市,電子零組件業,ESVUFR,
股票,2356,英業達,TW0002356003,1996/11/13,上市,電腦及週邊設備業,ESVUFR,
股票,2357,華碩,TW0002357001,1996/11/14,上市,電腦及週邊設備業,ESVUFR,
股票,2359,所羅門,TW0002359007,1996/12/19,上市,其他電子業,ESVUFR,
股票,2360,致茂,TW0002360005,1996/12/21,上市,其他電子業,ESVUFR,
股票,2362,藍天,TW0002362001,1997/04/02,上市,電腦及週邊設備業,ESVUFR,
股票,2363,矽統,TW0002363009,1997/08/01,上市,半導體業,ESVUFR,
股票,2364,倫飛,TW0002364007,1997/08/11,上市,電腦及週邊設備業,ESVUFR,
股票,2365,昆盈,TW0002365004,1997/11/03,上市,電腦及週邊設備業,ESVUFR,
股票,2367,燿華,TW0002367000,1997/12/13,上市,電子零組件業,ESVUFR,
股票,2368,金像電,TW0002368008,1998/03/09,上市,電子零組件業,ESVUFR,
股票,2369,菱生,TW0002369006,1998/04/10,上市,半導體業,ESVUFR,
股票,2371,大同,TW0002371002,1962/02/09,上市,電機機械,ESVUFR,
股票,2373,震旦行,TW0002373008,1991/08/01,上市,其他電子業,ESVUFR,
股票,2374,佳能,TW0002374006,1995/01/16,上市,光電業,ESVUFR,
股票,2375,凱美,TW0002375003,1998/08/29,上市,電子零組件業,ESVUFR,
股票,2376,技嘉,TW0002376001,1998/09/24,上市,電腦及週邊設備業,ESVUFR,
股票,2377,微星,TW0002377009,1998/10/31,上市,電腦及週邊設備業,ESVUFR,
股票,2379,瑞昱,TW0002379005,1998/10/26,上市,半導體業,ESVUFR,
股票,2380,虹光,TW0002380003,1998/12/03,上市,電腦及週邊設備業,ESVUFR,
股票,2382,廣達,TW0002382009,1999/01/08,上市,電腦及週邊設備業,ESVUFR,
股票,2383,台光電,TW0002383007,1998/11/27,上市,電子零組件業,ESVUFR,
股票,2385,群光,TW0002385002,1999/01/05,上市,電子零組件業,ESVUFR,
股票,2387,精元,TW0002387008,1999/01/25,上市,電腦及週邊設備業,ESVUFR,
股票,2388,威盛,TW0002388006,1999/03/05,上市,半導體業,ESVUFR,
股票,2390,云辰,TW0002390002,1999/06/15,上市,其他電子業,ESVUFR,
股票,2392,正崴,TW0002392008,1999/09/20,上市,電子零組件業,ESVUFR,
股票,2393,億光,TW0002393006,1999/11/04,上市,光電業,ESVUFR,
股票,2395,研華,TW0002395001,1999/12/13,上市,電腦及週邊設備業,ESVUFR,
股票,2397,友通,TW0002397007,2000/01/15,上市,電腦及週邊設備業,ESVUFR,
股票,2399,映泰,TW0002399003,1999/12/16,上市,電腦及週邊設備業,ESVUFR,
股票,2401,凌陽,TW0002401007,2000/01/27,上市,半導體業,ESVUFR,
股票,2402,毅嘉,TW0002402005,2000/01/14,上市,電子零組件業,ESVUFR,
股票,2404,漢唐,TW0002404001,2000/03/14,上市,其他電子業,ESVUFR,
股票,2405,輔信,TW0002405008,2000/03/17,上市,電腦及週邊設備業,ESVUFR,
股票,2406,國碩,TW0002406006,2000/04/29,上市,光電業,ESVUFR,
股票,2408,南亞科,TW0002408002,2000/08/17,上市,半導體業,ESVUFR,
股票,2409,友達,TW0002409000,2000/09/08,上市,光電業,ESVUFR,
股票,2412,中華電,TW0002412004,2000/10/27,上市,通信網路業,ESVUFR,
股票,2413,環科,TW0002413002,2000/09/11,上市,電子零組件業,ESVUFR,
股票,2414,精技,TW0002414000,2000/09/11,上市,電子通路業,ESVUFR,
股票,2415,錩新,TW0002415007,2000/09/11,上市,電子零組件業,ESVUFR,
股票,2417,圓剛,TW0002417003,2000/09/11,上市,電腦及週邊設備業,ESVUFR,
股票,2419,仲琦,TW0002419009,2000/09/11,上市,通信網路業,ESVUFR,
股票,2420,新巨,TW0002420007,2000/09/11,上市,電子零組件業,ESVUFR,
股票,2421,建準,TW0002421005,2000/09/11,上市,電子零組件業,ESVUFR,
股票,2423,固緯,TW0002423001,2000/09/11,上市,其他電子業,ESVUFR,
股票,2424,隴華,TW0002424009,2000/09/11,上市,通信網路業,ESVUFR,
股票,2425,承啟,TW0002425006,2000/09/11,上市,電腦及週邊設備業,ESVUFR,
股票,2426,鼎元,TW0002426004,2000/09/11,上市,光電業,ESVUFR,
股票,2427,三商電,TW0002427002,2000/09/11,上市,資訊服務業,ESVUFR,
股票,2428,興勤,TW0002428000,2000/09/11,上市,電子零組件業,ESVUFR,
股票,2429,銘旺科,TW0002429008,2000/09/11,上市,光電業,ESVUFR,
股票,2430,燦坤,TW0002430006,2000/09/11,上市,電子通路業,ESVUFR,
股票,2431,聯昌,TW0002431004,2000/09/11,上市,電子零組件業,ESVUFR,
股票,2433,互盛電,TW0002433000,2000/09/11,上市,其他電子業,ESVUFR,
股票,2434,統懋,TW0002434008,2000/09/11,上市,半導體業,ESVUFR,
股票,2436,偉詮電,TW0002436003,2000/09/11,上市,半導體業,ESVUFR,
股票,2438,翔耀,TW0002438009,2000/09/11,上市,光電業,ESVUFR,
股票,2439,美律,TW0002439007,2000/09/11,上市,通信網路業,ESVUFR,
股票,2440,太空梭,TW0002440005,2000/11/10,上市,電子零組件業,ESVUFR,
股票,2441,超豐,TW0002441003,2000/10/26,上市,半導體業,ESVUFR,
股票,2442,新美齊,TW0002442001,2000/11/22,上市,建材營造業,ESVUFR,
股票,2444,兆勁,TW0002444007,2000/12/08,上市,通信網路業,ESVUFR,
股票,2449,京元電子,TW0002449006,2001/05/09,上市,半導體業,ESVUFR,
股票,2450,神腦,TW0002450004,2001/05/24,上市,通信網路業,ESVUFR,
股票,2451,創見,TW0002451002,2001/05/03,上市,半導體業,ESVUFR,
股票,2453,凌群,TW0002453008,2001/05/22,上市,資訊服務業,ESVUFR,
股票,2454,聯發科,TW0002454006,2001/07/23,上市,半導體業,ESVUFR,
股票,2455,全新,TW0002455003,2002/01/24,上市,通信網路業,ESVUFR,
股票,2457,飛宏,TW0002457009,2001/09/17,上市,電子零組件業,ESVUFR,
股票,2458,義隆,TW0002458007,2001/09/17,上市,半導體業,ESVUFR,
股票,2459,敦吉,TW0002459005,2001/09/17,上市,其他電子業,ESVUFR,
股票,2460,建通,TW0002460003,2001/09/17,上市,電子零組件業,ESVUFR,
股票,2461,光群雷,TW0002461001,2001/09/17,上市,其他電子業,ESVUFR,
股票,2462,良得電,TW0002462009,2001/09/17,上市,電子零組件業,ESVUFR,
股票,2464,盟立,TW0002464005,2001/09/17,上市,其他電子業,ESVUFR,
股票,2465,麗臺,TW0002465002,2001/09/19,上市,電腦及週邊設備業,ESVUFR,
股票,2466,冠西電,TW0002466000,2001/09/17,上市,光電業,ESVUFR,
股票,2467,志聖,TW0002467008,2001/09/17,上市,電子零組件業,ESVUFR,
股票,2468,華經,TW0002468006,2001/09/17,上市,資訊服務業,ESVUFR,
股票,2471,資通,TW0002471000,2001/09/17,上市,資訊服務業,ESVUFR,
股票,2472,立隆電,TW0002472008,2001/09/17,上市,電子零組件業,ESVUFR,
股票,2474,可成,TW0002474004,2001/09/17,上市,其他電子業,ESVUFR,
股票,2476,鉅祥,TW0002476009,2001/09/17,上市,電子零組件業,ESVUFR,
股票,2477,美隆電,TW0002477007,2001/09/17,上市,其他電子業,ESVUFR,
股票,2478,大毅,TW0002478005,2001/09/17,上市,電子零組件業,ESVUFR,
股票,2480,敦陽科,TW0002480001,2001/09/17,上市,資訊服務業,ESVUFR,
股票,2481,強茂,TW0002481009,2001/09/17,上市,半導體業,ESVUFR,
股票,2482,連宇,TW0002482007,2001/09/17,上市,其他電子業,ESVUFR,
股票,2483,百容,TW0002483005,2001/09/17,上市,電子零組件業,ESVUFR,
股票,2484,希華,TW0002484003,2001/09/17,上市,電子零組件業,ESVUFR,
股票,2485,兆赫,TW0002485000,2001/09/17,上市,通信網路業,ESVUFR,
股票,2486,一詮,TW0002486008,2001/09/19,上市,光電業,ESVUFR,
股票,2488,漢平,TW0002488004,2001/09/17,上市,其他電子業,ESVUFR,
股票,2489,瑞軒,TW0002489002,2001/09/17,上市,光電業,ESVUFR,
股票,2491,吉祥全,TW0002491008,2001/09/17,上市,光電業,ESVUFR,
股票,2492,華新科,TW0002492006,2001/09/17,上市,電子零組件業,ESVUFR,
股票,2493,揚博,TW0002493004,2002/01/23,上市,電子零組件業,ESVUFR,
股票,2495,普安,TW0002495009,2002/03/25,上市,電腦及週邊設備業,ESVUFR,
股票,2496,卓越,TW0002496007,2002/03/08,上市,其他業,ESVUFR,
股票,2497,怡利電,TW0002497005,2002/02/04,上市,汽車工業,ESVUFR,
股票,2498,宏達電,TW0002498003,2002/03/26,上市,通信網路業,ESVUFR,
股票,2501,國建,TW0002501004,1967/10/28,上市,建材營造業,ESVUFR,
股票,2504,國產,TW0002504008,1978/03/14,上市,建材營造業,ESVUFR,
股票,2505,國揚,TW0002505005,1979/11/14,上市,建材營造業,ESVUFR,
股票,2506,太設,TW0002506003,1980/02/02,上市,建材營造業,ESVUFR,
股票,2509,全坤建,TW0002509007,1988/05/20,上市,建材營造業,ESVUFR,
股票,2511,太子,TW0002511003,1991/04/24,上市,建材營造業,ESVUFR,
股票,2514,龍邦,TW0002514007,1992/09/26,上市,其他業,ESVUFR,
股票,2515,中工,TW0002515004,1993/03/02,上市,建材營造業,ESVUFR,
股票,2516,新建,TW0002516002,1993/05/25,上市,建材營造業,ESVUFR,
股票,2520,冠德,TW0002520004,1993/10/27,上市,建材營造業,ESVUFR,
股票,2524,京城,TW0002524006,1994/10/18,上市,建材營造業,ESVUFR,
股票,2527,宏璟,TW0002527009,1995/03/06,上市,建材營造業,ESVUFR,
股票,2528,皇普,TW0002528007,1995/03/10,上市,建材營造業,ESVUFR,
股票,2530,華建,TW0002530003,1995/10/12,上市,建材營造業,ESVUFR,
股票,2534,宏盛,TW0002534005,1996/02/12,上市,建材營造業,ESVUFR,
股票,2535,達欣工,TW0002535002,1996/03/11,上市,建材營造業,ESVUFR,
股票,2536,宏普,TW0002536000,1996/03/14,上市,建材營造業,ESVUFR,
股票,2537,聯上發,TW0002537008,1996/09/06,上市,建材營造業,ESVUFR,
股票,2538,基泰,TW0002538006,1996/11/01,上市,建材營造業,ESVUFR,
股票,2539,櫻花建,TW0002539004,1997/07/16,上市,建材營造業,ESVUFR,
股票,2540,愛山林,TW0002540002,1989/12/26,上市,建材營造業,ESVUFR,
股票,2542,興富發,TW0002542008,1999/05/03,上市,建材營造業,ESVUFR,
股票,2543,皇昌,TW0002543006,1999/10/15,上市,建材營造業,ESVUFR,
股票,2545,皇翔,TW0002545001,2000/09/11,上市,建材營造業,ESVUFR,
股票,2546,根基,TW0002546009,2000/09/11,上市,建材營造業,ESVUFR,
股票,2547,日勝生,TW0002547007,2000/12/22,上市,建材營造業,ESVUFR,
股票,2548,華固,TW0002548005,2002/08/26,上市,建材營造業,ESVUFR,
股票,2597,潤弘,TW0002597002,2010/03/26,上市,建材營造業,ESVUFR,
股票,2601,益航,TW0002601002,1965/11/04,上市,貿易百貨業,ESVUFR,
股票,2603,長榮,TW0002603008,1987/09/21,上市,航運業,ESVUFR,
股票,2605,新興,TW0002605003,1989/12/08,上市,航運業,ESVUFR,
股票,2606,裕民,TW0002606001,1990/12/08,上市,航運業,ESVUFR,
股票,2607,榮運,TW0002607009,1990/12/14,上市,航運業,ESVUFR,
股票,2608,嘉里大榮,TW0002608007,1990/12/20,上市,航運業,ESVUFR,
股票,2609,陽明,TW0002609005,1992/04/20,上市,航運業,ESVUFR,
股票,2610,華航,TW0002610003,1993/02/26,上市,航運業,ESVUFR,
股票,2611,志信,TW0002611001,1993/10/28,上市,航運業,ESVUFR,
股票,2612,中航,TW0002612009,1994/10/20,上市,航運業,ESVUFR,
股票,2613,中櫃,TW0002613007,1995/01/20,上市,航運業,ESVUFR,
股票,2614,東森,TW0002614005,1995/09/23,上市,其他業,ESVUFR,
股票,2615,萬海,TW0002615002,1996/05/16,上市,航運業,ESVUFR,
股票,2616,山隆,TW0002616000,1997/11/08,上市,油電燃氣業,ESVUFR,
股票,2617,台航,TW0002617008,1998/06/24,上市,航運業,ESVUFR,
股票,2618,長榮航,TW0002618006,2001/09/17,上市,航運業,ESVUFR,
股票,2630,亞航,TW0002630001,2018/02/22,上市,航運業,ESVUFR,
股票,2633,台灣高鐵,TW0002633005,2016/10/27,上市,航運業,ESVUFR,
股票,2634,漢翔,TW0002634003,2014/08/25,上市,航運業,ESVUFR,
股票,2636,台驊控股,TW0002636008,2016/12/22,上市,航運業,ESVUFR,
股票,2637,慧洋-KY,KYG9721M1033,2010/12/01,上市,航運業,ESVUFR,
股票,2642,宅配通,TW0002642006,2013/12/12,上市,航運業,ESVUFR,
股票,2645,長榮航太,TW0002645009,2023/03/14,上市,航運業,ESVUFR,
股票,2646,星宇航空,TW0002646007,2024/10/25,上市,航運業,ESVUFR,
股票,2701,萬企,TW0002701000,1965/03/22,上市,觀光餐旅,ESVUFR,
股票,2702,華園,TW0002702008,1965/02/14,上市,觀光餐旅,ESVUFR,
股票,2704,國賓,TW0002704004,1982/11/10,上市,觀光餐旅,ESVUFR,
股票,2705,六福,TW0002705001,1988/12/24,上市,觀光餐旅,ESVUFR,
股票,2706,第一店,TW0002706009,1991/06/25,上市,觀光餐旅,ESVUFR,
股票,2707,晶華,TW0002707007,1998/03/09,上市,觀光餐旅,ESVUFR,
股票,2712,遠雄來,TW0002712007,2013/12/03,上市,觀光餐旅,ESVUFR,
股票,2722,夏都,TW0002722006,2012/03/14,上市,觀光餐旅,ESVUFR,
股票,2723,美食-KY,KYG4002A1004,2010/11/22,上市,觀光餐旅,ESVUFR,
股票,2727,王品,TW0002727005,2012/03/06,上市,觀光餐旅,ESVUFR,
股票,2731,雄獅,TW0002731007,2013/09/24,上市,觀光餐旅,ESVUFR,
股票,2739,寒舍,TW0002739000,2016/05/19,上市,觀光餐旅,ESVUFR,
股票,2748,雲品,TW0002748001,2016/11/23,上市,觀光餐旅,ESVUFR,
股票,2753,八方雲集,TW0002753001,2021/09/09,上市,觀光餐旅,ESVUFR,
股票,2762,世界健身-KY,KYG9823E1089,2024/01/24,上市,運動休閒,ESVUFR,
股票,2801,彰銀,TW0002801008,1962/02/15,上市,金融保險業,ESVUFR,
股票,2809,京城銀,TW0002809001,1983/07/20,上市,金融保險業,ESVUFR,
股票,2812,台中銀,TW0002812005,1984/05/15,上市,金融保險業,ESVUFR,
股票,2816,旺旺保,TW0002816006,1992/05/05,上市,金融保險業,ESVUFR,
股票,2820,華票,TW0002820008,1994/10/26,上市,金融保險業,ESVUFR,
股票,2832,台產,TW0002832003,1997/09/30,上市,金融保險業,ESVUFR,
股票,2834,臺企銀,TW0002834009,1998/01/03,上市,金融保險業,ESVUFR,
股票,2836,高雄銀,TW0002836004,1998/05/18,上市,金融保險業,ESVUFR,
股票,2838,聯邦銀,TW0002838000,1998/06/29,上市,金融保險業,ESVUFR,
股票,2845,遠東銀,TW0002845005,1998/11/27,上市,金融保險業,ESVUFR,
股票,2849,安泰銀,TW0002849007,1999/09/27,上市,金融保險業,ESVUFR,
股票,2850,新產,TW0002850005,2000/05/22,上市,金融保險業,ESVUFR,
股票,2851,中再保,TW0002851003,2000/07/06,上市,金融保險業,ESVUFR,
股票,2852,第一保,TW0002852001,2000/11/28,上市,金融保險業,ESVUFR,
股票,2855,統一證,TW0002855004,2002/09/16,上市,金融保險業,ESVUFR,
股票,2867,三商壽,TW0002867009,2012/12/18,上市,金融保險業,ESVUFR,
股票,2880,華南金,TW0002880002,2001/12/19,上市,金融保險業,ESVUFR,
股票,2881,富邦金,TW0002881000,2001/12/19,上市,金融保險業,ESVUFR,
股票,2882,國泰金,TW0002882008,2001/12/31,上市,金融保險業,ESVUFR,
股票,2883,凱基金,TW0002883006,2001/12/28,上市,金融保險業,ESVUFR,
股票,2884,玉山金,TW0002884004,2002/01/28,上市,金融保險業,ESVUFR,
股票,2885,元大金,TW0002885001,2002/02/04,上市,金融保險業,ESVUFR,
股票,2886,兆豐金,TW0002886009,2002/02/04,上市,金融保險業,ESVUFR,
股票,2887,台新金,TW0002887007,2002/02/18,上市,金融保險業,ESVUFR,
股票,2888,新光金,TW0002888005,2002/02/19,上市,金融保險業,ESVUFR,
股票,2889,國票金,TW0002889003,2002/03/26,上市,金融保險業,ESVUFR,
股票,2890,永豐金,TW0002890001,2002/05/09,上市,金融保險業,ESVUFR,
股票,2891,中信金,TW0002891009,2002/05/17,上市,金融保險業,ESVUFR,
股票,2892,第一金,TW0002892007,2003/01/02,上市,金融保險業,ESVUFR,
股票,2897,王道銀行,TW0002897006,2017/05/05,上市,金融保險業,ESVUFR,
股票,2901,欣欣,TW0002901006,1976/05/07,上市,貿易百貨業,ESVUFR,
股票,2903,遠百,TW0002903002,1978/10/11,上市,貿易百貨業,ESVUFR,
股票,2904,匯僑,TW0002904000,1983/01/05,上市,其他業,ESVUFR,
股票,2905,三商,TW0002905007,1988/09/19,上市,貿易百貨業,ESVUFR,
股票,2906,高林,TW0002906005,1989/12/26,上市,貿易百貨業,ESVUFR,
股票,2908,特力,TW0002908001,1993/02/18,上市,貿易百貨業,ESVUFR,
股票,2910,統領,TW0002910007,1996/12/30,上市,貿易百貨業,ESVUFR,
股票,2911,麗嬰房,TW0002911005,1997/01/18,上市,貿易百貨業,ESVUFR,
股票,2912,統一超,TW0002912003,1997/08/22,上市,貿易百貨業,ESVUFR,
股票,2913,農林,TW0002913001,1962/02/09,上市,貿易百貨業,ESVUFR,
股票,2915,潤泰全,TW0002915006,1977/07/20,上市,貿易百貨業,ESVUFR,
股票,2923,鼎固-KY,KYG8190L1095,2012/12/07,上市,建材營造業,ESVUFR,
股票,2929,淘帝-KY,KYG8922A1085,2013/12/30,上市,貿易百貨業,ESVUFR,
股票,2939,永邑-KY,KYG108031074,2018/01/11,上市,貿易百貨業,ESVUFR,
股票,2945,三商家購,TW0002945003,2021/11/30,上市,貿易百貨業,ESVUFR,
股票,3002,歐格,TW0003002002,2002/01/23,上市,電腦及週邊設備業,ESVUFR,
股票,3003,健和興,TW0003003000,2002/02/19,上市,電子零組件業,ESVUFR,
股票,3004,豐達科,TW0003004008,2002/02/25,上市,鋼鐵工業,ESVUFR,
股票,3005,神基,TW0003005005,2002/02/25,上市,電腦及週邊設備業,ESVUFR,
股票,3006,晶豪科,TW0003006003,2002/03/04,上市,半導體業,ESVUFR,
股票,3008,大立光,TW0003008009,2002/03/11,上市,光電業,ESVUFR,
股票,3010,華立,TW0003010005,2002/07/22,上市,電子通路業,ESVUFR,
股票,3011,今皓,TW0003011003,2002/07/22,上市,電子零組件業,ESVUFR,
股票,3013,晟銘電,TW0003013009,2002/09/16,上市,電腦及週邊設備業,ESVUFR,
股票,3014,聯陽,TW0003014007,2002/10/29,上市,半導體業,ESVUFR,
股票,3015,全漢,TW0003015004,2002/10/16,上市,電子零組件業,ESVUFR,
股票,3016,嘉晶,TW0003016002,2002/12/24,上市,半導體業,ESVUFR,
股票,3017,奇鋐,TW0003017000,2002/09/27,上市,電腦及週邊設備業,ESVUFR,
股票,3018,隆銘綠能,TW0003018008,2002/08/26,上市,其他電子業,ESVUFR,
股票,3019,亞光,TW0003019006,2002/08/26,上市,光電業,ESVUFR,
股票,3021,鴻名,TW0003021002,2002/08/26,上市,電子零組件業,ESVUFR,
股票,3022,威強電,TW0003022000,2002/08/26,上市,電腦及週邊設備業,ESVUFR,
股票,3023,信邦,TW0003023008,2002/08/26,上市,電子零組件業,ESVUFR,
股票,3024,憶聲,TW0003024006,2002/08/26,上市,光電業,ESVUFR,
股票,3025,星通,TW0003025003,2002/08/26,上市,通信網路業,ESVUFR,
股票,3026,禾伸堂,TW0003026001,2002/08/26,上市,電子零組件業,ESVUFR,
股票,3027,盛達,TW0003027009,2002/08/26,上市,通信網路業,ESVUFR,
股票,3028,增你強,TW0003028007,2002/08/26,上市,電子通路業,ESVUFR,
股票,3029,零壹,TW0003029005,2002/08/26,上市,資訊服務業,ESVUFR,
股票,3030,德律,TW0003030003,2002/10/29,上市,其他電子業,ESVUFR,
股票,3031,佰鴻,TW0003031001,2002/08/26,上市,光電業,ESVUFR,
股票,3032,偉訓,TW0003032009,2002/08/26,上市,電子零組件業,ESVUFR,
股票,3033,威健,TW0003033007,2002/08/26,上市,電子通路業,ESVUFR,
股票,3034,聯詠,TW0003034005,2002/08/26,上市,半導體業,ESVUFR,
股票,3035,智原,TW0003035002,2002/08/26,上市,半導體業,ESVUFR,
股票,3036,文曄,TW0003036000,2002/08/26,上市,電子通路業,ESVUFR,
股票,3037,欣興,TW0003037008,2002/08/26,上市,電子零組件業,ESVUFR,
股票,3038,全台,TW0003038006,2002/08/26,上市,光電業,ESVUFR,
股票,3040,遠見,TW0003040002,2002/08/26,上市,其他業,ESVUFR,
股票,3041,揚智,TW0003041000,2002/08/26,上市,半導體業,ESVUFR,
股票,3042,晶技,TW0003042008,2002/08/26,上市,電子零組件業,ESVUFR,
股票,3043,科風,TW0003043006,2002/08/26,上市,其他電子業,ESVUFR,
股票,3044,健鼎,TW0003044004,2002/08/26,上市,電子零組件業,ESVUFR,
股票,3045,台灣大,TW0003045001,2002/08/26,上市,通信網路業,ESVUFR,
股票,3046,建��,TW0003046009,2002/08/26,上市,電腦及週邊設備業,ESVUFR,
股票,3047,訊舟,TW0003047007,2002/08/26,上市,通信網路業,ESVUFR,
股票,3048,益登,TW0003048005,2002/10/01,上市,電子通路業,ESVUFR,
股票,3049,精金,TW0003049003,2002/09/27,上市,光電業,ESVUFR,
股票,3050,鈺德,TW0003050001,2002/10/29,上市,光電業,ESVUFR,
股票,3051,力特,TW0003051009,2002/10/28,上市,光電業,ESVUFR,
股票,3052,夆典,TW0003052007,1995/11/25,上市,建材營造業,ESVUFR,
股票,3054,立萬利,TW0003054003,2002/11/18,上市,食品工業,ESVUFR,
股票,3055,蔚華科,TW0003055000,2002/12/12,上市,電子通路業,ESVUFR,
股票,3056,富華新,TW0003056008,2003/03/03,上市,建材營造業,ESVUFR,
股票,3057,喬鼎,TW0003057006,2002/12/18,上市,電腦及週邊設備業,ESVUFR,
股票,3058,立德,TW0003058004,2002/12/09,上市,電子零組件業,ESVUFR,
股票,3059,華晶科,TW0003059002,2002/12/24,上市,光電業,ESVUFR,
股票,3060,銘異,TW0003060000,2003/04/21,上市,電腦及週邊設備業,ESVUFR,
股票,3062,建漢,TW0003062006,2003/07/28,上市,通信網路業,ESVUFR,
股票,3090,日電貿,TW0003090007,2007/12/31,上市,電子零組件業,ESVUFR,
股票,3092,鴻碩,TW0003092003,2021/05/13,上市,電子零組件業,ESVUFR,
股票,3094,聯傑,TW0003094009,2007/08/06,上市,半導體業,ESVUFR,
股票,3130,一零四,TW0003130001,2006/02/17,上市,數位雲端,ESVUFR,
股票,3138,耀登,TW0003138004,2020/12/11,上市,通信網路業,ESVUFR,
股票,3149,正達,TW0003149001,2011/11/23,上市,光電業,ESVUFR,
股票,3164,景岳,TW0003164000,2010/03/22,上市,生技醫療業,ESVUFR,
股票,3167,大量,TW0003167003,2013/10/21,上市,電機機械,ESVUFR,
股票,3168,眾福科,TW0003168001,2024/03/26,上市,光電業,ESVUFR,
股票,3189,景碩,TW0003189007,2004/11/01,上市,半導體業,ESVUFR,
股票,3209,全科,TW0003209003,2008/11/26,上市,電子通路業,ESVUFR,
股票,3229,晟鈦,TW0003229001,2009/12/31,上市,電子零組件業,ESVUFR,
股票,3231,緯創,TW0003231007,2003/08/19,上市,電腦及週邊設備業,ESVUFR,
股票,3257,虹冠電,TW0003257002,2011/03/21,上市,半導體業,ESVUFR,
股票,3266,昇陽,TW0003266003,2014/12/24,上市,建材營造業,ESVUFR,
股票,3296,勝德,TW0003296000,2007/12/31,上市,電子零組件業,ESVUFR,
股票,3305,昇貿,TW0003305009,2008/07/10,上市,其他電子業,ESVUFR,
股票,3308,聯德,TW0003308003,2008/03/12,上市,電子零組件業,ESVUFR,
股票,3311,閎暉,TW0003311007,2004/03/08,上市,通信網路業,ESVUFR,
股票,3312,弘憶股,TW0003312005,2010/12/29,上市,電子通路業,ESVUFR,
股票,3321,同泰,TW0003321006,2015/12/15,上市,電子零組件業,ESVUFR,
股票,3338,泰碩,TW0003338000,2013/12/13,上市,電子零組件業,ESVUFR,
股票,3346,麗清,TW0003346003,2016/12/19,上市,汽車工業,ESVUFR,
股票,3356,奇偶,TW0003356002,2005/03/28,上市,光電業,ESVUFR,
股票,3376,新日興,TW0003376000,2007/12/31,上市,電子零組件業,ESVUFR,
股票,3380,明泰,TW0003380002,2004/12/20,上市,通信網路業,ESVUFR,
股票,3406,玉晶光,TW0003406005,2005/12/20,上市,光電業,ESVUFR,
股票,3413,京鼎,TW0003413001,2015/07/28,上市,半導體業,ESVUFR,
股票,3416,融程電,TW0003416004,2015/01/23,上市,電腦及週邊設備業,ESVUFR,
股票,3419,譁裕,TW0003419008,2008/01/21,上市,通信網路業,ESVUFR,
股票,3432,台端,TW0003432001,2010/12/30,上市,電子零組件業,ESVUFR,
股票,3437,榮創,TW0003437000,2014/07/09,上市,光電業,ESVUFR,
股票,3443,創意,TW0003443008,2006/11/03,上市,半導體業,ESVUFR,
股票,3447,展達,TW0003447009,2022/12/15,上市,通信網路業,ESVUFR,
股票,3450,聯鈞,TW0003450003,2006/04/12,上市,半導體業,ESVUFR,
股票,3454,晶睿,TW0003454005,2011/07/22,上市,光電業,ESVUFR,
股票,3481,群創,TW0003481008,2006/10/24,上市,光電業,ESVUFR,
股票,3494,誠研,TW0003494001,2007/12/13,上市,電腦及週邊設備業,ESVUFR,
股票,3501,維熹,TW0003501003,2007/09/20,上市,電子零組件業,ESVUFR,
股票,3504,揚明光,TW0003504007,2007/01/26,上市,光電業,ESVUFR,
股票,3515,華擎,TW0003515003,2007/11/08,上市,電腦及週邊設備業,ESVUFR,
股票,3518,柏騰,TW0003518007,2007/11/28,上市,其他電子業,ESVUFR,
股票,3528,安馳,TW0003528006,2016/05/18,上市,電子通路業,ESVUFR,
股票,3530,晶相光,TW0003530002,2018/07/16,上市,半導體業,ESVUFR,
股票,3532,台勝科,TW0003532008,2007/12/10,上市,半導體業,ESVUFR,
股票,3533,嘉澤,TW0003533006,2007/12/10,上市,電子零組件業,ESVUFR,
股票,3535,晶彩科,TW0003535001,2008/01/31,上市,光電業,ESVUFR,
股票,3543,州巧,TW0003543005,2020/04/15,上市,光電業,ESVUFR,
股票,3545,敦泰,TW0003545000,2007/07/03,上市,半導體業,ESVUFR,
股票,3550,聯穎,TW0003550000,2010/11/10,上市,電子零組件業,ESVUFR,
股票,3557,嘉威,TW0003557005,2008/02/27,上市,居家生活,ESVUFR,
股票,3563,牧德,TW0003563003,2019/04/02,上市,光電業,ESVUFR,
股票,3576,聯合再生,TW0003576005,2009/01/12,上市,光電業,ESVUFR,
股票,3583,辛耘,TW0003583001,2013/03/12,上市,半導體業,ESVUFR,
股票,3588,通嘉,TW0003588000,2009/08/14,上市,半導體業,ESVUFR,
股票,3591,艾笛森,TW0003591004,2010/11/12,上市,光電業,ESVUFR,
股票,3592,瑞鼎,TW0003592002,2022/01/07,上市,半導體業,ESVUFR,
股票,3593,力銘,TW0003593000,2009/03/16,上市,電子零組件業,ESVUFR,
股票,3596,智易,TW0003596003,2009/03/11,上市,通信網路業,ESVUFR,
股票,3605,宏致,TW0003605002,2009/03/26,上市,電子零組件業,ESVUFR,
股票,3607,谷崧,TW0003607008,2009/10/28,上市,電子零組件業,ESVUFR,
股票,3617,碩天,TW0003617007,2009/12/23,上市,其他電子業,ESVUFR,
股票,3622,洋華,TW0003622007,2009/03/25,上市,光電業,ESVUFR,
股票,3645,達邁,TW0003645008,2011/10/05,上市,電子零組件業,ESVUFR,
股票,3652,精聯,TW0003652004,2022/09/21,上市,電腦及週邊設備業,ESVUFR,
股票,3653,健策,TW0003653002,2009/11/18,上市,電子零組件業,ESVUFR,
股票,3661,世芯-KY,KYG022421088,2014/10/28,上市,半導體業,ESVUFR,
股票,3665,貿聯-KY,KYG114741062,2011/04/21,上市,其他電子業,ESVUFR,
股票,3669,圓展,TW0003669008,2011/08/25,上市,通信網路業,ESVUFR,
股票,3673,TPK-KY,KYG898431096,2010/10/29,上市,光電業,ESVTFR,
股票,3679,新至陞,TW0003679007,2011/10/05,上市,電子零組件業,ESVUFR,
股票,3686,達能,TW0003686002,2010/07/20,上市,半導體業,ESVUFR,
股票,3694,海華,TW0003694006,2011/05/03,上市,通信網路業,ESVUFR,
股票,3701,大眾控,TW0003701009,2004/08/30,上市,電腦及週邊設備業,ESVUFR,
股票,3702,大聯大,TW0003702007,2005/11/09,上市,電子通路業,ESVUFR,
股票,3703,欣陸,TW0003703005,2010/04/08,上市,建材營造業,ESVUFR,
股票,3704,合勤控,TW0003704003,2010/08/16,上市,通信網路業,ESVUFR,
股票,3705,永信,TW0003705000,2011/01/03,上市,生技醫療業,ESVUFR,
股票,3706,神達,TW0003706008,2013/09/12,上市,電腦及週邊設備業,ESVUFR,
股票,3708,上緯投控,TW0003708004,2016/08/31,上市,綠能環保,ESVUFR,
股票,3711,日月光投控,TW0003711008,2018/04/30,上市,半導體業,ESVUFR,
股票,3712,永崴投控,TW0003712006,2018/10/01,上市,電腦及週邊設備業,ESVUFR,
股票,3714,富采,TW0003714002,2021/01/06,上市,光電業,ESVUFR,
股票,3715,定穎投控,TW0003715009,2022/08/25,上市,電子零組件業,ESVUFR,
股票,3716,中化控股,TW0003716007,2024/09/02,上市,生技醫療業,ESVUFR,
股票,4104,佳醫,TW0004104005,2007/12/31,上市,生技醫療業,ESVUFR,
股票,4106,雃博,TW0004106000,2004/11/08,上市,生技醫療業,ESVUFR,
股票,4108,懷特,TW0004108006,2008/07/16,上市,生技醫療業,ESVUFR,
股票,4119,旭富,TW0004119003,2004/01/07,上市,生技醫療業,ESVUFR,
股票,4133,亞諾法,TW0004133004,2009/12/28,上市,生技醫療業,ESVUFR,
股票,4137,麗豐-KY,KYG211641017,2013/11/27,上市,生技醫療業,ESVUFR,
股票,4142,國光生,TW0004142005,2012/05/03,上市,生技醫療業,ESVUFR,
股票,4155,訊映,TW0004155007,2017/12/05,上市,生技醫療業,ESVUFR,
股票,4164,承業醫,TW0004164009,2012/10/24,上市,生技醫療業,ESVUFR,
股票,4190,佐登-KY,KYG518761039,2015/10/21,上市,生技醫療業,ESVUFR,
股票,4306,炎洲,TW0004306006,2008/01/21,上市,塑膠工業,ESVUFR,
股票,4414,如興,TW0004414008,2004/09/06,上市,紡織纖維,ESVUFR,
股票,4426,利勤,TW0004426002,2011/12/16,上市,紡織纖維,ESVUFR,
股票,4438,廣越,TW0004438007,2016/10/18,上市,紡織纖維,ESVUFR,
股票,4439,冠星-KY,KYG9114F1037,2019/12/05,上市,紡織纖維,ESVUFR,
股票,4440,宜新實業,TW0004440003,2021/10/25,上市,紡織纖維,ESVUFR,
股票,4526,東台,TW0004526009,2003/09/15,上市,電機機械,ESVUFR,
股票,4532,瑞智,TW0004532007,2003/08/04,上市,電機機械,ESVUFR,
股票,4536,拓凱,TW0004536008,2013/10/09,上市,運動休閒,ESVUFR,
股票,4540,全球傳動,TW0004540000,2018/08/15,上市,電機機械,ESVUFR,
股票,4545,銘鈺,TW0004545009,2016/01/06,上市,電子零組件業,ESVUFR,
股票,4551,智伸科,TW0004551007,2015/08/10,上市,汽車工業,ESVUFR,
股票,4552,力達-KY,KYG5479W1033,2016/07/20,上市,電機機械,ESVUFR,
股票,4555,氣立,TW0004555008,2015/10/27,上市,電機機械,ESVUFR,
股票,4557,永新-KY,KYG988461011,2015/10/12,上市,汽車工業,ESVUFR,
股票,4560,強信-KY,KYG853531039,2017/05/26,上市,電機機械,ESVUFR,
股票,4562,穎漢,TW0004562004,2017/08/21,上市,電機機械,ESVUFR,
股票,4564,元翎,TW0004564000,2019/03/07,上市,電機機械,ESVUFR,
股票,4566,時碩工業,TW0004566005,2018/02/05,上市,電機機械,ESVUFR,
股票,4569,六方科-KY,KYG8192T1004,2023/07/31,上市,汽車工業,ESVUFR,
股票,4571,鈞興-KY,KYG5258M1024,2019/09/17,上市,電機機械,ESVUFR,
股票,4572,駐龍,TW0004572003,2019/09/10,上市,電機機械,ESVUFR,
股票,4576,大銀微系統,TW0004576004,2019/09/04,上市,電機機械,ESVUFR,
股票,4581,光隆精密-KY,KYG977291007,2020/03/09,上市,汽車工業,ESVUFR,
股票,4583,台灣精銳,TW0004583000,2022/05/09,上市,電機機械,ESVUFR,
股票,4588,玖鼎電力,TW0004588009,2024/01/29,上市,其他電子業,ESVUFR,
股票,4720,德淵,TW0004720008,2015/06/24,上市,化學工業,ESVUFR,
股票,4722,國精化,TW0004722004,2012/08/15,上市,化學工業,ESVUFR,
股票,4736,泰博,TW0004736004,2023/12/22,上市,生技醫療業,ESVUFR,
股票,4737,華廣,TW0004737002,2010/12/23,上市,生技醫療業,ESVUFR,
股票,4739,康普,TW0004739008,2017/09/08,上市,化學工業,ESVUFR,
股票,4746,台耀,TW0004746003,2011/03/01,上市,生技醫療業,ESVUFR,
股票,4755,三福化,TW0004755004,2013/11/27,上市,化學工業,ESVUFR,
股票,4763,材料-KY,KYG5138S1057,2015/11/09,上市,化學工業,ESVUFR,
股票,4764,雙鍵,TW0004764006,2018/01/04,上市,化學工業,ESVUFR,
股票,4766,南寶,TW0004766001,2018/11/28,上市,化學工業,ESVUFR,
股票,4770,上品,TW0004770003,2021/12/22,上市,化學工業,ESVUFR,
股票,4771,望隼,TW0004771001,2024/03/18,上市,生技醫療業,ESVUFR,
股票,4807,日成-KY,KYG7473R1065,2017/06/26,上市,貿易百貨業,ESVUFR,
股票,4904,遠傳,TW0004904008,2005/08/24,上市,通信網路業,ESVUFR,
股票,4906,正文,TW0004906003,2003/06/30,上市,通信網路業,ESVUFR,
股票,4912,聯德控股-KY,KYG545091079,2015/05/21,上市,電子零組件業,ESVUFR,
股票,4915,致伸,TW0004915004,2012/10/05,上市,電子零組件業,ESVUFR,
股票,4916,事欣科,TW0004916002,2013/11/21,上市,電腦及週邊設備業,ESVUFR,
股票,4919,新唐,TW0004919006,2010/09/27,上市,半導體業,ESVUFR,
股票,4927,泰鼎-KY,KYG0407M1033,2015/09/08,上市,電子零組件業,ESVUFR,
股票,4930,燦星網,TW0004930003,2010/06/21,上市,電器電纜,ESVUFR,
股票,4934,太極,TW0004934005,2010/03/10,上市,光電業,ESVUFR,
股票,4935,茂林-KY,KYG3931M1024,2011/07/28,上市,光電業,ESVUFR,
股票,4938,和碩,TW0004938006,2010/06/24,上市,電腦及週邊設備業,ESVUFR,
股票,4942,嘉彰,TW0004942008,2011/06/27,上市,光電業,ESVUFR,
股票,4943,康控-KY,KYG2346M1033,2016/11/11,上市,電子零組件業,ESVUFR,
股票,4949,有成精密,TW0004949003,2024/05/09,上市,光電業,ESVUFR,
股票,4952,凌通,TW0004952007,2011/11/01,上市,半導體業,ESVUFR,
股票,4956,光鋐,TW0004956008,2011/10/24,上市,光電業,ESVUFR,
股票,4958,臻鼎-KY,KYG989221000,2011/12/26,上市,電子零組件業,ESVUFR,
股票,4960,誠美材,TW0004960000,2011/10/24,上市,光電業,ESVUFR,
股票,4961,天鈺,TW0004961008,2018/10/17,上市,半導體業,ESVUFR,
股票,4967,十銓,TW0004967005,2019/01/14,上市,半導體業,ESVUFR,
股票,4968,立積,TW0004968003,2015/11/13,上市,半導體業,ESVUFR,
股票,4976,佳凌,TW0004976006,2012/11/20,上市,光電業,ESVUFR,
股票,4977,眾達-KY,KYG6956N1034,2013/11/20,上市,通信網路業,ESVUFR,
股票,4989,榮科,TW0004989009,2018/06/28,上市,電子零組件業,ESVUFR,
股票,4994,傳奇,TW0004994009,2013/12/25,上市,資訊服務業,ESVUFR,
股票,4999,鑫禾,TW0004999008,2013/06/03,上市,電子零組件業,ESVUFR,
股票,5007,三星,TW0005007009,2011/09/16,上市,鋼鐵工業,ESVUFR,
股票,5203,訊連,TW0005203004,2004/09/27,上市,資訊服務業,ESVUFR,
股票,5215,科嘉-KY,KYG530791022,2011/12/26,上市,電腦及週邊設備業,ESVUFR,
股票,5222,全訊,TW0005222004,2021/10/25,上市,半導體業,ESVUFR,
股票,5225,東科-KY,KYG291021031,2012/11/05,上市,其他電子業,ESVUFR,
股票,5234,達興材料,TW0005234009,2012/07/16,上市,光電業,ESVUFR,
股票,5243,乙盛-KY,KYG312361051,2013/11/25,上市,光電業,ESVUFR,
股票,5244,弘凱,TW0005244008,2022/01/19,上市,光電業,ESVUFR,
股票,5258,虹堡,TW0005258008,2016/12/30,上市,電腦及週邊設備業,ESVUFR,
股票,5269,祥碩,TW0005269005,2012/12/12,上市,半導體業,ESVUFR,
股票,5283,禾聯碩,TW0005283006,2019/05/24,上市,電器電纜,ESVUFR,
股票,5284,jpp-KY,KYG521131006,2017/03/09,上市,其他業,ESVUFR,
股票,5285,界霖,TW0005285001,2014/02/25,上市,半導體業,ESVUFR,
股票,5288,豐祥-KY,KYG314551014,2014/09/25,上市,電機機械,ESVUFR,
股票,5292,華懋,TW0005292007,2020/01/07,上市,綠能環保,ESVUFR,
股票,5306,桂盟,TW0005306005,2022/03/08,上市,運動休閒,ESVUFR,
股票,5388,中磊,TW0005388003,2007/12/03,上市,通信網路業,ESVUFR,
股票,5434,崇越,TW0005434005,2003/08/25,上市,電子通路業,ESVUFR,
股票,5469,瀚宇博,TW0005469001,2003/08/25,上市,電子零組件業,ESVUFR,
股票,5471,松翰,TW0005471007,2003/08/25,上市,半導體業,ESVUFR,
股票,5484,慧友,TW0005484000,2003/08/25,上市,光電業,ESVUFR,
股票,5515,建國,TW0005515001,2003/10/06,上市,建材營造業,ESVUFR,
股票,5519,隆大,TW0005519003,2014/02/10,上市,建材營造業,ESVUFR,
股票,5521,工信,TW0005521009,2012/12/18,上市,建材營造業,ESVUFR,
股票,5522,遠雄,TW0005522007,2007/08/06,上市,建材營造業,ESVUFR,
股票,5525,順天,TW0005525000,2004/11/26,上市,建材營造業,ESVUFR,
股票,5531,鄉林,TW0005531008,2005/01/31,上市,建材營造業,ESVUFR,
股票,5533,皇鼎,TW0005533004,2008/04/30,上市,建材營造業,ESVUFR,
股票,5534,長虹,TW0005534002,2004/05/24,上市,建材營造業,ESVUFR,
股票,5538,東明-KY,KYG8919A1031,2013/12/16,上市,鋼鐵工業,ESVUFR,
股票,5546,永固-KY,KYG566541093,2020/05/20,上市,建材營造業,ESVUFR,
股票,5607,遠雄港,TW0005607006,2004/12/02,上市,航運業,ESVUFR,
股票,5608,四維航,TW0005608004,2003/08/25,上市,航運業,ESVUFR,
股票,5706,鳳凰,TW0005706006,2011/10/21,上市,觀光餐旅,ESVUFR,
股票,5871,中租-KY,KYG202881093,2011/12/13,上市,其他業,ESVUFR,
股票,5876,上海商銀,TW0005876007,2018/10/19,上市,金融保險業,ESVUFR,
股票,5880,合庫金,TW0005880009,2011/12/01,上市,金融保險業,ESVUFR,
股票,5906,台南-KY,KYG8661M1078,2011/10/24,上市,貿易百貨業,ESVUFR,
股票,5907,大洋-KY,KYG4064G1029,2012/06/06,上市,貿易百貨業,ESVUFR,
股票,6005,群益證,TW0006005002,2005/11/21,上市,金融保險業,ESVUFR,
股票,6024,群益期,TW0006024003,2017/10/16,上市,金融保險業,ESVUFR,
股票,6108,競國,TW0006108004,2008/12/30,上市,電子零組件業,ESVUFR,
股票,6112,邁達特,TW0006112006,2003/08/04,上市,資訊服務業,ESVUFR,
股票,6115,鎰勝,TW0006115009,2004/07/19,上市,電子零組件業,ESVUFR,
股票,6116,彩晶,TW0006116007,2004/09/06,上市,光電業,ESVUFR,
股票,6117,迎廣,TW0006117005,2003/08/25,上市,電腦及週邊設備業,ESVUFR,
股票,6120,達運,TW0006120009,2006/09/13,上市,光電業,ESVUFR,
股票,6128,上福,TW0006128002,2003/06/16,上市,電腦及週邊設備業,ESVUFR,
股票,6133,金橋,TW0006133002,2003/08/15,上市,電子零組件業,ESVUFR,
股票,6136,富爾特,TW0006136005,2003/08/25,上市,通信網路業,ESVUFR,
股票,6139,亞翔,TW0006139009,2003/08/25,上市,其他電子業,ESVUFR,
股票,6141,柏承,TW0006141005,2003/10/22,上市,電子零組件業,ESVUFR,
股票,6142,友勁,TW0006142003,2003/08/04,上市,通信網路業,ESVUFR,
股票,6152,百一,TW0006152002,2009/12/08,上市,通信網路業,ESVUFR,
股票,6153,嘉聯益,TW0006153000,2008/01/21,上市,電子零組件業,ESVUFR,
股票,6155,鈞寶,TW0006155005,2006/08/18,上市,電子零組件業,ESVUFR,
股票,6164,華興,TW0006164007,2008/10/21,上市,光電業,ESVUFR,
股票,6165,浪凡,TW0006165004,2003/08/04,上市,數位雲端,ESVUFR,
股票,6166,凌華,TW0006166002,2004/11/08,上市,電腦及週邊設備業,ESVUFR,
股票,6168,宏齊,TW0006168008,2003/08/25,上市,光電業,ESVUFR,
股票,6176,瑞儀,TW0006176001,2007/05/15,上市,光電業,ESVUFR,
股票,6177,達麗,TW0006177009,2013/08/01,上市,建材營造業,ESVUFR,
股票,6183,關貿,TW0006183007,2011/12/01,上市,資訊服務業,ESVUFR,
股票,6184,大豐電,TW0006184005,2005/02/15,上市,其他業,ESVUFR,
股票,6189,豐藝,TW0006189004,2004/05/24,上市,電子通路業,ESVUFR,
股票,6191,精成科,TW0006191000,2007/10/19,上市,電子零組件業,ESVUFR,
股票,6192,巨路,TW0006192008,2004/09/27,上市,其他電子業,ESVUFR,
股票,6196,帆宣,TW0006196009,2004/05/24,上市,其他電子業,ESVUFR,
股票,6197,佳必琪,TW0006197007,2004/11/08,上市,電子零組件業,ESVUFR,
股票,6201,亞弘電,TW0006201007,2004/09/27,上市,其他電子業,ESVUFR,
股票,6202,盛群,TW0006202005,2004/09/27,上市,半導體業,ESVUFR,
股票,6205,詮欣,TW0006205008,2008/01/21,上市,電子零組件業,ESVUFR,
股票,6206,飛捷,TW0006206006,2004/08/03,上市,電腦及週邊設備業,ESVUFR,
股票,6209,今國光,TW0006209000,2004/11/08,上市,光電業,ESVUFR,
股票,6213,聯茂,TW0006213002,2008/01/21,上市,電子零組件業,ESVUFR,
股票,6214,精誠,TW0006214000,2010/12/30,上市,資訊服務業,ESVUFR,
股票,6215,和椿,TW0006215007,2007/12/31,上市,其他電子業,ESVUFR,
股票,6216,居易,TW0006216005,2004/09/27,上市,通信網路業,ESVUFR,
股票,6224,聚鼎,TW0006224009,2009/09/17,上市,電子零組件業,ESVUFR,
股票,6225,天瀚,TW0006225006,2004/09/27,上市,光電業,ESVUFR,
股票,6226,光鼎,TW0006226004,2008/11/10,上市,光電業,ESVUFR,
股票,6230,尼得科超眾,TW0006230006,2010/09/16,上市,電腦及週邊設備業,ESVUFR,
股票,6235,華孚,TW0006235005,2004/08/23,上市,電腦及週邊設備業,ESVUFR,
股票,6239,力成,TW0006239007,2004/11/08,上市,半導體業,ESVUFR,
股票,6243,迅杰,TW0006243009,2009/12/17,上市,半導體業,ESVUFR,
股票,6257,矽格,TW0006257009,2003/08/25,上市,半導體業,ESVUFR,
股票,6269,台郡,TW0006269004,2003/09/23,上市,電子零組件業,ESVUFR,
股票,6271,同欣電,TW0006271000,2007/11/16,上市,半導體業,ESVUFR,
股票,6277,宏正,TW0006277007,2003/10/30,上市,電腦及週邊設備業,ESVUFR,
股票,6278,台表科,TW0006278005,2010/08/24,上市,光電業,ESVUFR,
股票,6281,全國電,TW0006281009,2005/12/08,上市,電子通路業,ESVUFR,
股票,6282,康舒,TW0006282007,2003/09/08,上市,電子零組件業,ESVUFR,
股票,6283,淳安,TW0006283005,2008/01/21,上市,其他電子業,ESVUFR,
股票,6285,啟��,TW0006285000,2003/09/22,上市,通信網路業,ESVUFR,
股票,6288,聯嘉,TW0006288004,2018/05/09,上市,汽車工業,ESVUFR,
股票,6405,悅城,TW0006405004,2013/11/28,上市,光電業,ESVUFR,
股票,6409,旭隼,TW0006409006,2014/03/31,上市,其他電子業,ESVUFR,
股票,6412,群電,TW0006412000,2013/11/08,上市,電子零組件業,ESVUFR,
股票,6414,樺漢,TW0006414006,2014/03/28,上市,電腦及週邊設備業,ESVUFR,
股票,6415,矽力*-KY,KYG8190F1028,2013/12/12,上市,半導體業,ESVUFR,
股票,6416,瑞祺電通,TW0006416001,2018/04/16,上市,通信網路業,ESVUFR,
股票,6426,統新,TW0006426000,2021/03/24,上市,通信網路業,ESVUFR,
股票,6431,光麗-KY,KYG532651075,2014/12/04,上市,生技醫療業,ESVUFR,
股票,6438,迅得,TW0006438005,2021/01/19,上市,其他電子業,ESVUFR,
股票,6442,光聖,TW0006442007,2015/07/14,上市,通信網路業,ESVUFR,
股票,6443,元晶,TW0006443005,2015/10/01,上市,光電業,ESVUFR,
股票,6446,藥華藥,TW0006446008,2024/01/25,上市,生技醫療業,ESVUFR,
股票,6449,鈺邦,TW0006449002,2014/12/09,上市,電子零組件業,ESVUFR,
股票,6451,訊芯-KY,KYG811801045,2015/01/26,上市,半導體業,ESVUFR,
股票,6456,GIS-KY,KYG3808R1011,2015/06/12,上市,光電業,ESVUFR,
股票,6464,台數科,TW0006464001,2015/12/16,上市,其他業,ESVUFR,
股票,6472,保瑞,TW0006472004,2023/12/19,上市,生技醫療業,ESVUFR,
股票,6477,安集,TW0006477003,2016/06/21,上市,光電業,ESVUFR,
股票,6491,晶碩,TW0006491004,2019/10/07,上市,生技醫療業,ESVUFR,
股票,6504,南六,TW0006504004,2013/05/07,上市,其他業,ESVUFR,
股票,6505,台塑化,TW0006505001,2003/12/26,上市,油電燃氣業,ESVUFR,
股票,6515,穎崴,TW0006515000,2021/01/20,上市,半導體業,ESVUFR,
股票,6525,捷敏-KY,KYG3790U1040,2016/04/12,上市,半導體業,ESVUFR,
股票,6526,達發,TW0006526007,2023/10/19,上市,半導體業,ESVUFR,
股票,6531,愛普*,TW0006531007,2016/05/31,上市,半導體業,ESVUFR,
股票,6533,晶心科,TW0006533003,2017/03/14,上市,半導體業,ESVUFR,
股票,6541,泰福-KY,KYG8676P1037,2017/10/26,上市,生技醫療業,ESVUFR,
股票,6550,北極星藥業-KY,KYG7171A1085,2022/06/06,上市,生技醫療業,ESVUFR,
股票,6552,易華電,TW0006552003,2017/01/10,上市,半導體業,ESVUFR,
股票,6558,興能高,TW0006558000,2018/12/05,上市,其他電子業,ESVUFR,
股票,6573,虹揚-KY,KYG4712A1013,2017/09/26,上市,半導體業,ESVUFR,
股票,6579,研揚,TW0006579006,2017/08/21,上市,電腦及週邊設備業,ESVUFR,
股票,6581,鋼聯,TW0006581002,2018/01/30,上市,綠能環保,ESVUFR,
股票,6582,申豐,TW0006582000,2017/06/14,上市,橡膠工業,ESVUFR,
股票,6585,鼎基,TW0006585003,2022/05/20,上市,其他業,ESVUFR,
股票,6591,動力-KY,KYG8587R1074,2017/12/28,上市,電腦及週邊設備業,ESVUFR,
股票,6592,和潤企業,TW0006592009,2019/12/09,上市,其他業,ESVUFR,
股票,6598,ABC-KY,KYG0488D1051,2020/06/09,上市,生技醫療業,ESVUFR,
股票,6605,帝寶,TW0006605009,2004/03/17,上市,汽車工業,ESVUFR,
股票,6606,建德工業,TW0006606007,2023/03/24,上市,電機機械,ESVUFR,
股票,6625,必應,TW0006625007,2018/02/07,上市,其他業,ESVUFR,
股票,6641,基士德-KY,KYG416551045,2018/09/21,上市,綠能環保,ESVUFR,
股票,6655,科定,TW0006655004,2018/11/28,上市,其他業,ESVUFR,
股票,6657,華安,TW0006657000,2023/06/12,上市,生技醫療業,ESVUFR,
股票,6658,聯策,TW0006658008,2023/11/02,上市,其他電子業,ESVUFR,
股票,6666,羅麗芬-KY,KYG569831020,2018/11/19,上市,生技醫療業,ESVUFR,
股票,6668,中揚光,TW0006668007,2018/12/12,上市,光電業,ESVUFR,
股票,6669,緯穎,TW0006669005,2019/03/27,上市,電腦及週邊設備業,ESVUFR,
股票,6670,復盛應用,TW0006670003,2018/12/18,上市,運動休閒,ESVUFR,
股票,6671,三能-KY,KYG7806W1033,2018/12/11,上市,居家生活,ESVUFR,
股票,6672,騰輝電子-KY,KYG9353A1040,2019/04/17,上市,電子零組件業,ESVUFR,
股票,6674,鋐寶科技,TW0006674005,2018/11/28,上市,通信網路業,ESVUFR,
股票,6689,伊雲谷,TW0006689003,2022/09/13,上市,數位雲端,ESVUFR,
股票,6691,洋基工程,TW0006691009,2022/01/03,上市,其他電子業,ESVUFR,
股票,6695,芯鼎,TW0006695000,2022/11/04,上市,半導體業,ESVUFR,
股票,6698,旭暉應材,TW0006698004,2019/11/25,上市,其他電子業,ESVUFR,
股票,6706,惠特,TW0006706005,2019/12/19,上市,光電業,ESVUFR,
股票,6715,嘉基,TW0006715006,2019/12/12,上市,電子零組件業,ESVUFR,
股票,6719,力智,TW0006719008,2022/01/13,上市,半導體業,ESVUFR,
股票,6742,澤米,TW0006742000,2023/12/05,上市,光電業,ESVUFR,
股票,6743,安普新,TW0006743008,2020/12/14,上市,其他電子業,ESVUFR,
股票,6753,龍德造船,TW0006753007,2023/03/10,上市,航運業,ESVUFR,
股票,6754,匯僑設計,TW0006754005,2020/08/25,上市,居家生活,ESVUFR,
股票,6756,威鋒電子,TW0006756000,2020/12/24,上市,半導體業,ESVUFR,
股票,6757,台灣虎航,TW0006757008,2024/11/29,上市,航運業,ESVUFR,
股票,6768,志強-KY,KYG8368S1003,2021/04/22,上市,運動休閒,ESVUFR,
股票,6770,力積電,TW0006770001,2021/12/06,上市,半導體業,ESVUFR,
股票,6776,展�眥篕�,TW0006776008,2021/03/31,上市,電子通路業,ESVUFR,
股票,6781,AES-KY,KYG0097V1086,2021/03/22,上市,電子零組件業,ESVUFR,
股票,6782,視陽,TW0006782006,2022/11/28,上市,生技醫療業,ESVUFR,
股票,6789,采鈺,TW0006789001,2022/06/30,上市,半導體業,ESVUFR,
股票,6790,永豐實,TW0006790009,2021/09/29,上市,造紙工業,ESVUFR,
股票,6792,詠業,TW0006792005,2021/12/08,上市,通信網路業,ESVUFR,
股票,6796,晉弘,TW0006796006,2022/06/01,上市,生技醫療業,ESVUFR,
股票,6799,來頡,TW0006799000,2022/05/12,上市,半導體業,ESVUFR,
股票,6805,富世達,TW0006805005,2023/11/09,上市,電子零組件業,ESVUFR,
股票,6806,森崴能源,TW0006806003,2021/11/15,上市,綠能環保,ESVUFR,
股票,6807,峰源-KY,KYG3425A1013,2022/04/25,上市,居家生活,ESVUFR,
股票,6830,汎銓,TW0006830003,2022/08/31,上市,其他電子業,ESVUFR,
股票,6834,天二科技,TW0006834005,2022/09/01,上市,電子零組件業,ESVUFR,
股票,6835,圓裕,TW0006835002,2022/11/10,上市,電子零組件業,ESVUFR,
股票,6838,台新藥,TW0006838006,2024/08/13,上市,生技醫療業,ESVUFR,
股票,6861,睿生光電,TW0006861008,2023/03/27,上市,生技醫療業,ESVUFR,
股票,6862,三集瑞-KY,KYG9066C1087,2024/10/23,上市,電子零組件業,ESVUFR,
股票,6863,永道-KY,KYG0478A1031,2023/03/21,上市,通信網路業,ESVUFR,
股票,6869,雲豹能源,TW0006869001,2024/06/19,上市,綠能環保,ESVUFR,
股票,6873,泓德能源,TW0006873003,2024/09/26,上市,綠能環保,ESVUFR,
股票,6885,全福生技,TW0006885007,2024/12/16,上市,生技醫療業,ESVUFR,
股票,6887,寶綠特-KY,KYG1462B1077,2025/03/10,上市,綠能環保,ESVUFR,
股票,6890,來億-KY,KYG5353T1013,2024/06/12,上市,運動休閒,ESVUFR,
股票,6901,鑽石投資,TW0006901002,2023/09/19,上市,其他業,ESVUFR,
股票,6902,GOGOLOOK,TW0006902000,2025/05/16,上市,數位雲端,ESVUFR,
股票,6906,現觀科,TW0006906001,2024/01/15,上市,數位雲端,ESVUFR,
股票,6914,阜爾運通,TW0006914005,2024/05/03,上市,其他業,ESVUFR,
股票,6916,華凌,TW0006916000,2023/12/05,上市,光電業,ESVUFR,
股票,6919,康霈*,TW0006919004,2024/10/02,上市,生技醫療業,ESVUFR,
股票,6923,中台,TW0006923006,2024/09/25,上市,綠能環保,ESVUFR,
股票,6928,攸泰科技,TW0006928005,2024/05/16,上市,電腦及週邊設備業,ESVUFR,
股票,6931,青松健康,TW0006931009,2025/01/15,上市,生技醫療業,ESVUFR,
股票,6933,AMAX-KY,KYG0249M1050,2023/11/08,上市,電腦及週邊設備業,ESVUFR,
股票,6936,永鴻生技,TW0006936008,2025/04/28,上市,生技醫療業,ESVUFR,
股票,6937,天虹,TW0006937006,2023/12/12,上市,半導體業,ESVUFR,
股票,6952,大武山,TW0006952005,2024/06/13,上市,其他業,ESVUFR,
股票,6957,裕慶-KY,KYG4631S1003,2024/06/25,上市,其他業,ESVUFR,
股票,6958,日盛台駿,TW0006958002,2024/08/20,上市,其他業,ESVUFR,
股票,6962,奕力-KY,KYG4977T1004,2024/11/26,上市,半導體業,ESVUFR,
股票,6965,中傑-KY,KYG2124U1031,2025/03/07,上市,運動休閒,ESVUFR,
股票,6994,富威電力,TW0006994007,2025/01/15,上市,綠能環保,ESVUFR,
股票,7705,三商餐飲,TW0007705006,2024/11/26,上市,觀光餐旅,ESVUFR,
股票,7722,LINEPAY,TW0007722001,2024/12/05,上市,數位雲端,ESVUFR,
股票,7732,金興精密,TW0007732000,2025/01/14,上市,汽車工業,ESVUFR,
股票,7736,虎山,TW0007736001,2025/03/18,上市,汽車工業,ESVUFR,
股票,8011,台通,TW0008011008,2011/09/19,上市,通信網路業,ESVUFR,
股票,8016,矽創,TW0008016007,2003/12/25,上市,半導體業,ESVUFR,
股票,8021,尖點,TW0008021007,2008/01/21,上市,其他電子業,ESVUFR,
股票,8028,昇陽半導體,TW0008028002,2018/07/10,上市,半導體業,ESVUFR,
股票,8033,雷虎,TW0008033002,2007/06/21,上市,其他業,ESVUFR,
股票,8039,台虹,TW0008039009,2009/12/17,上市,電子零組件業,ESVUFR,
股票,8045,達運光電,TW0008045006,2024/12/11,上市,通信網路業,ESVUFR,
股票,8046,南電,TW0008046004,2006/04/07,上市,電子零組件業,ESVUFR,
股票,8070,長華*,TW0008070004,2007/12/31,上市,電子通路業,ESVUFR,
股票,8072,陞泰,TW0008072000,2005/08/19,上市,電子通路業,ESVUFR,
股票,8081,致新,TW0008081001,2008/12/30,上市,半導體業,ESVUFR,
股票,8101,華冠,TW0008101007,2004/07/01,上市,通信網路業,ESVUFR,
股票,8103,瀚荃,TW0008103003,2009/09/29,上市,電子零組件業,ESVUFR,
股票,8104,錸寶,TW0008104001,2019/01/17,上市,光電業,ESVUFR,
股票,8105,凌巨,TW0008105008,2006/12/27,上市,光電業,ESVUFR,
股票,8110,華東,TW0008110008,2007/10/31,上市,半導體業,ESVUFR,
股票,8112,至上,TW0008112004,2007/12/31,上市,電子通路業,ESVUFR,
股票,8114,振樺電,TW0008114000,2012/11/26,上市,電腦及週邊設備業,ESVUFR,
股票,8131,福懋科,TW0008131004,2007/11/29,上市,半導體業,ESVUFR,
股票,8150,南茂,TW0008150004,2014/04/11,上市,半導體業,ESVUFR,
股票,8163,達方,TW0008163007,2007/11/28,上市,電腦及週邊設備業,ESVUFR,
股票,8201,無敵,TW0008201005,2007/10/29,上市,其他電子業,ESVUFR,
股票,8210,勤誠,TW0008210006,2011/12/01,上市,電腦及週邊設備業,ESVUFR,
股票,8213,志超,TW0008213000,2009/12/25,上市,電子零組件業,ESVUFR,
股票,8215,明基材,TW0008215005,2010/11/12,上市,光電業,ESVUFR,
股票,8222,寶一,TW0008222001,2015/01/27,上市,電機機械,ESVUFR,
股票,8249,菱光,TW0008249004,2005/05/17,上市,電子零組件業,ESVUFR,
股票,8261,富鼎,TW0008261009,2009/12/11,上市,半導體業,ESVUFR,
股票,8271,宇瞻,TW0008271008,2010/12/29,上市,半導體業,ESVUFR,
股票,8341,日友,TW0008341009,2015/03/23,上市,綠能環保,ESVUFR,
股票,8367,建新國際,TW0008367004,2018/09/12,上市,航運業,ESVUFR,
股票,8374,羅昇,TW0008374000,2008/12/25,上市,電機機械,ESVUFR,
股票,8404,百和興業-KY,KYG684631016,2011/05/18,上市,其他業,ESVUFR,
股票,8411,福貞-KY,KYG525911072,2011/11/01,上市,其他業,ESVUFR,
股票,8422,可寧衛,TW0008422007,2011/10/05,上市,綠能環保,ESVUFR,
股票,8429,金麗-KY,KYG513871015,2012/12/20,上市,貿易百貨業,ESVUFR,
股票,8438,昶昕,TW0008438003,2022/03/11,上市,綠能環保,ESVUFR,
股票,8442,威宏-KY,KYG981151015,2016/11/08,上市,其他業,ESVUFR,
股票,8443,阿瘦,TW0008443003,2014/09/15,上市,貿易百貨業,ESVUFR,
股票,8454,富邦媒,TW0008454000,2014/12/19,上市,數位雲端,ESVUFR,
股票,8462,柏文,TW0008462003,2019/03/15,上市,運動休閒,ESVUFR,
股票,8463,潤泰材,TW0008463001,2015/07/13,上市,其他業,ESVUFR,
股票,8464,億豐,TW0008464009,2015/12/22,上市,居家生活,ESVUFR,
股票,8466,美吉吉-KY,KYG332481087,2016/11/01,上市,其他業,ESVUFR,
股票,8467,波力-KY,KYG144971044,2015/12/15,上市,運動休閒,ESVUFR,
股票,8473,山林水,TW0008473000,2016/09/08,上市,綠能環保,ESVUFR,
股票,8476,台境*,TW0008476003,2023/10/31,上市,綠能環保,ESVUFR,
股票,8478,東哥遊艇,TW0008478009,2017/12/11,上市,運動休閒,ESVUFR,
股票,8481,政伸,TW0008481003,2017/02/24,上市,其他業,ESVUFR,
股票,8482,商億-KY,KYG806341015,2018/08/15,上市,居家生活,ESVUFR,
股票,8488,吉源-KY,KYG5140K1085,2016/12/13,上市,其他業,ESVUFR,
股票,8499,鼎炫-KY,KYG8923R1002,2017/11/24,上市,其他電子業,ESVUFR,
股票,8926,台汽電,TW0008926007,2003/08/25,上市,油電燃氣業,ESVUFR,
股票,8940,新天地,TW0008940008,2009/05/15,上市,觀光餐旅,ESVUFR,
股票,8996,高力,TW0008996000,2014/02/14,上市,電機機械,ESVUFR,
股票,9802,鈺齊-KY,KYG368891068,2012/10/18,上市,運動休閒,ESVUFR,
股票,9902,台火,TW0009902007,1964/07/14,上市,其他業,ESVUFR,
股票,9904,寶成,TW0009904003,1990/01/19,上市,運動休閒,ESVUFR,
股票,9905,大華,TW0009905000,1990/08/08,上市,其他業,ESVUFR,
股票,9906,欣巴巴,TW0009906008,1990/12/15,上市,建材營造業,ESVUFR,
股票,9907,統一實,TW0009907006,1991/01/29,上市,其他業,ESVUFR,
股票,9908,大台北,TW0009908004,1991/02/06,上市,油電燃氣業,ESVUFR,
股票,9910,豐泰,TW0009910000,1992/02/18,上市,運動休閒,ESVUFR,
股票,9911,櫻花,TW0009911008,1992/07/16,上市,居家生活,ESVUFR,
股票,9912,偉聯,TW0009912006,1992/08/08,上市,電腦及週邊設備業,ESVUFR,
股票,9914,美利達,TW0009914002,1992/09/30,上市,運動休閒,ESVUFR,
股票,9917,中保科,TW0009917005,1993/12/08,上市,其他業,ESVUFR,
股票,9918,欣天然,TW0009918003,1994/04/26,上市,油電燃氣業,ESVUFR,
股票,9919,康那香,TW0009919001,1994/11/04,上市,其他業,ESVUFR,
股票,9921,巨大,TW0009921007,1994/12/29,上市,運動休閒,ESVUFR,
股票,9924,福興,TW0009924001,1995/03/15,上市,居家生活,ESVUFR,
股票,9925,新保,TW0009925008,1995/12/09,上市,其他業,ESVUFR,
股票,9926,新海,TW0009926006,1998/04/08,上市,油電燃氣業,ESVUFR,
股票,9927,泰銘,TW0009927004,1999/03/12,上市,其他業,ESVUFR,
股票,9928,中視,TW0009928002,1999/08/09,上市,其他業,ESVUFR,
股票,9929,秋雨,TW0009929000,1999/06/28,上市,其他業,ESVUFR,
股票,9930,中聯資源,TW0009930008,1999/11/22,上市,綠能環保,ESVUFR,
股票,9931,欣高,TW0009931006,2000/03/21,上市,油電燃氣業,ESVUFR,
股票,9933,中鼎,TW0009933002,1993/05/28,上市,其他業,ESVUFR,
股票,9934,成霖,TW0009934000,2000/09/11,上市,居家生活,ESVUFR,
股票,9935,慶豐富,TW0009935007,2000/09/11,上市,居家生活,ESVUFR,
股票,9937,全國,TW0009937003,2000/09/11,上市,油電燃氣業,ESVUFR,
股票,9938,百和,TW0009938001,2001/01/12,上市,其他業,ESVUFR,
股票,9939,宏全,TW0009939009,2001/03/02,上市,其他業,ESVUFR,
股票,9940,信義,TW0009940007,2001/09/17,上市,其他業,ESVUFR,
股票,9941,裕融,TW0009941005,2001/09/17,上市,其他業,ESVUFR,
股票,9942,茂順,TW0009942003,2002/01/28,上市,其他業,ESVUFR,
股票,9943,好樂迪,TW0009943001,2002/08/26,上市,觀光餐旅,ESVUFR,
股票,9944,新麗,TW0009944009,2002/08/26,上市,其他業,ESVUFR,
股票,9945,潤泰新,TW0009945006,1992/04/30,上市,其他業,ESVUFR,
股票,9946,三發地產,TW0009946004,2013/09/17,上市,建材營造業,ESVUFR,
股票,9955,佳龍,TW0009955005,2008/01/21,上市,綠能環保,ESVUFR,
股票,9958,世紀鋼,TW0009958009,2008/03/12,上市,鋼鐵工業,ESVUFR,
創新板,2254,巨鎧精密-創,TW0002254000,2023/10/20,上市臺灣創新板,汽車工業,ESVUFR,
創新板,2258,鴻華先進-創,TW0002258001,2023/11/20,上市臺灣創新板,汽車工業,ESVUFR,
創新板,2432,倚天酷��-創,TW0002432002,2023/05/31,上市臺灣創新板,電腦及週邊設備業,ESVUFR,
創新板,3150,鈺寶-創,TW0003150009,2024/06/27,上市臺灣創新板,半導體業,ESVUFR,
創新板,6423,億而得-創,TW0006423007,2024/05/15,上市臺灣創新板,半導體業,ESVUFR,
創新板,6534,正瀚-創,TW0006534001,2023/12/21,上市臺灣創新板,生技醫療業,ESVUFR,
創新板,6645,金萬林-創,TW0006645005,2023/12/21,上市臺灣創新板,生技醫療業,ESVUFR,
創新板,6771,平和環保-創,TW0006771009,2024/05/17,上市臺灣創新板,綠能環保,ESVUFR,
創新板,6794,向榮生技-創,TW0006794001,2024/05/21,上市臺灣創新板,生技醫療業,ESVUFR,
創新板,6854,錼創科技-KY創,KYG7148D1025,2022/08/18,上市臺灣創新板,半導體業,ESVUFR,
創新板,6924,榮惠-KY創,KYG2954S1030,2024/12/03,上市臺灣創新板,電子零組件業,ESVUFR,
創新板,6949,沛爾生醫-創,TW0006949001,2024/03/08,上市臺灣創新板,生技醫療業,ESVUFR,
創新板,6951,青新-創,TW0006951007,2024/06/18,上市臺灣創新板,綠能環保,ESVUFR,
創新板,6955,邦睿生技-創,TW0006955008,2024/12/06,上市臺灣創新板,生技醫療業,ESVUFR,
創新板,6969,成信實業*-創,TW0006969009,2024/09/09,上市臺灣創新板,綠能環保,ESVUFR,
創新板,6988,威力暘-創,TW0006988009,2024/10/23,上市臺灣創新板,汽車工業,ESVUFR,
創新板,7631,聚賢研發-創,TW0007631B19,2025/03/13,上市臺灣創新板,其他電子業,ESVUFR,
創新板,8162,微矽電子-創,TW0008162009,2024/03/07,上市臺灣創新板,半導體業,ESVUFR,
創新板,8487,愛爾達-創,TW0008487000,2024/03/26,上市臺灣創新板,數位雲端,ESVUFR,
ETF,0050,元大台灣50,TW0000050004,2003/06/30,上市,,CEOGEU,
ETF,0051,元大中型100,TW0000051002,2006/08/31,上市,,CEOGEU,
ETF,0052,富邦科技,TW0000052000,2006/09/12,上市,,CEOGEU,
ETF,0053,元大電子,TW0000053008,2007/07/16,上市,,CEOGEU,
ETF,0055,元大MSCI金融,TW0000055003,2007/07/16,上市,,CEOGEU,
ETF,0056,元大高股息,TW0000056001,2007/12/26,上市,,CEOGEU,
ETF,0057,富邦摩台,TW0000057009,2008/02/27,上市,,CEOGEU,
ETF,0061,元大寶滬深,TW0000061001,2009/08/17,上市,,CEOGEU,
臺灣存託憑證(TDR),9103,美德醫療-DR,TW0009103002,2002/12/13,上市,,EDSDDR,
臺灣存託憑證(TDR),9105,泰金寶-DR,TW0009105007,2003/09/22,上市,,EDSDDR,
臺灣存託憑證(TDR),9110,越南控-DR,TW0009110007,2009/12/03,上市,,EDSDDR,
臺灣存託憑證(TDR),9136,巨騰-DR,TW0009136002,2009/05/25,上市,,EDSDDR,
